Sensor,Date.Time,Temp_C,day,Date.Time.2,Cond_ms_cm,Date.Time.3,DO_percent,salinity,bp_inches,pressure_mbar
Wql_040850_Probe1.BGA,4/9/2017 13:49,18.30139732,9,4/9/2017 13:51,522.1765137,4/9/2017 13:54,118.5428696,421.9814347,29.86,1011.176054
Wql_040850_Probe1.BGA,4/9/2017 14:19,18.55678177,9,4/9/2017 14:21,522.8401489,4/9/2017 14:24,119.7469482,422.5648512,29.86,1011.176054
Wql_040850_Probe1.BGA,4/9/2017 14:49,18.65416336,9,4/9/2017 14:51,527.8422852,4/9/2017 14:54,121.4066544,426.9644275,29.86,1011.176054
Wql_040850_Probe1.BGA,4/9/2017 15:19,18.90493584,9,4/9/2017 15:21,529.9353027,4/9/2017 15:24,124.0686798,428.8064076,29.86,1011.176054
Wql_040850_Probe1.BGA,4/9/2017 15:49,19.09816551,9,4/9/2017 15:51,551.4954224,4/9/2017 15:54,126.0614853,447.8173751,29.86,1011.176054
Wql_040850_Probe1.BGA,4/9/2017 16:19,19.24554825,9,4/9/2017 16:21,564.4764404,4/9/2017 16:24,127.1676407,459.2952686,29.86,1011.176054
Wql_040850_Probe1.BGA,4/9/2017 16:49,19.19992828,9,4/9/2017 16:51,565.5113525,4/9/2017 16:54,126.6972961,460.211349,29.86,1011.176054
Wql_040850_Probe1.BGA,4/9/2017 17:19,19.14039612,9,4/9/2017 17:21,561.1625366,4/9/2017 17:24,125.1483765,456.3628703,29.86,1011.176054
Wql_040850_Probe1.BGA,4/9/2017 17:49,19.22480011,9,4/9/2017 17:51,534.2189331,4/9/2017 17:54,122.8249893,432.5782468,29.86,1011.176054
Wql_040850_Probe1.BGA,4/9/2017 18:19,18.64495087,9,4/9/2017 18:21,405.0114136,4/9/2017 18:24,119.3151321,320.0770502,29.86,1011.176054
Wql_040850_Probe1.BGA,4/9/2017 18:49,18.31595802,9,4/9/2017 18:51,354.4680786,4/9/2017 18:54,116.7519455,276.8736662,29.86,1011.176054
Wql_040850_Probe1.BGA,4/9/2017 19:19,18.22599983,9,4/9/2017 19:21,356.0676575,4/9/2017 19:24,114.9293213,278.2330595,29.86,1011.176054
Wql_040850_Probe1.BGA,4/9/2017 19:49,18.2196579,9,4/9/2017 19:51,379.4158325,4/9/2017 19:54,114.1246872,298.1353229,29.86,1011.176054
Wql_040850_Probe1.BGA,4/9/2017 20:19,18.13892365,9,4/9/2017 20:21,402.8267822,4/9/2017 20:24,112.2585068,318.1994138,29.86,1011.176054
Wql_040850_Probe1.BGA,4/9/2017 20:49,18.22476006,9,4/9/2017 20:51,408.2451477,4/9/2017 20:54,110.0111542,322.8579956,29.86,1011.176054
Wql_040850_Probe1.BGA,4/9/2017 21:19,18.23671341,9,4/9/2017 21:21,409.7965393,4/9/2017 21:24,108.7966919,324.1928483,29.86,1011.176054
Wql_040850_Probe1.BGA,4/9/2017 21:49,18.21131325,9,4/9/2017 21:51,407.7462769,4/9/2017 21:54,107.4792709,322.4288503,29.86,1011.176054
Wql_040850_Probe1.BGA,4/9/2017 22:19,18.15613747,9,4/9/2017 22:21,405.4485779,4/9/2017 22:24,105.8846817,320.4528889,29.86,1011.176054
Wql_040850_Probe1.BGA,4/9/2017 22:49,18.00741196,9,4/9/2017 22:51,401.2467041,4/9/2017 22:54,104.553421,316.8419328,29.86,1011.176054
Wql_040850_Probe1.BGA,4/9/2017 23:19,18.07991982,9,4/9/2017 23:21,399.1773376,4/9/2017 23:24,104.3689651,315.064803,29.86,1011.176054
Wql_040850_Probe1.BGA,4/9/2017 23:49,17.98155785,9,4/9/2017 23:51,393.1602478,4/9/2017 23:54,103.3302002,309.9020571,29.86,1011.176054
Wql_040850_Probe1.BGA,4/10/2017 0:19,17.98089218,10,4/10/2017 0:21,387.0240479,4/10/2017 0:24,102.5371323,304.644254,29.92,1013.207888
Wql_040850_Probe1.BGA,4/10/2017 0:49,17.96945,10,4/10/2017 0:51,382.8249817,4/10/2017 0:54,101.5274506,301.0504927,29.92,1013.207888
Wql_040850_Probe1.BGA,4/10/2017 1:19,17.79285622,10,4/10/2017 1:21,380.7397156,4/10/2017 1:24,101.3483429,299.2671058,29.92,1013.207888
Wql_040850_Probe1.BGA,4/10/2017 1:49,17.86598969,10,4/10/2017 1:51,376.4047546,4/10/2017 1:54,100.5586395,295.5624559,29.92,1013.207888
Wql_040850_Probe1.BGA,4/10/2017 2:19,17.68062019,10,4/10/2017 2:21,374.1508484,4/10/2017 2:24,100.0877609,293.6377487,29.92,1013.207888
Wql_040850_Probe1.BGA,4/10/2017 2:49,17.52131653,10,4/10/2017 2:51,373.7387695,4/10/2017 2:54,99.03978729,293.2859667,29.92,1013.207888
Wql_040850_Probe1.BGA,4/10/2017 3:19,17.52542305,10,4/10/2017 3:21,371.2109985,4/10/2017 3:24,98.54145813,291.1288151,29.92,1013.207888
Wql_040850_Probe1.BGA,4/10/2017 3:49,17.43128204,10,4/10/2017 3:51,368.4718323,4/10/2017 3:54,98.09159088,288.7927186,29.92,1013.207888
Wql_040850_Probe1.BGA,4/10/2017 4:19,17.35653305,10,4/10/2017 4:21,366.1453552,4/10/2017 4:24,97.84099579,286.8097805,29.92,1013.207888
Wql_040850_Probe1.BGA,4/10/2017 4:49,17.19107819,10,4/10/2017 4:51,367.6065369,4/10/2017 4:54,97.86308289,288.0550682,29.92,1013.207888
Wql_040850_Probe1.BGA,4/10/2017 5:19,17.1770649,10,4/10/2017 5:21,366.9935303,4/10/2017 5:24,97.35572815,287.5325822,29.92,1013.207888
Wql_040850_Probe1.BGA,4/10/2017 5:49,17.03362846,10,4/10/2017 5:51,362.5256958,4/10/2017 5:54,97.09794617,283.726819,29.92,1013.207888
Wql_040850_Probe1.BGA,4/10/2017 6:19,16.79213715,10,4/10/2017 6:21,352.0731201,4/10/2017 6:24,96.24258423,274.8393312,29.92,1013.207888
Wql_040850_Probe1.BGA,4/10/2017 6:49,16.50143051,10,4/10/2017 6:51,325.737793,4/10/2017 6:54,95.94298553,252.5513074,29.92,1013.207888
Wql_040850_Probe1.BGA,4/10/2017 7:19,16.19259834,10,4/10/2017 7:21,301.7129211,4/10/2017 7:24,94.88311768,232.3560061,29.92,1013.207888
Wql_040850_Probe1.BGA,4/10/2017 7:49,15.98432827,10,4/10/2017 7:51,291.5644226,4/10/2017 7:54,94.50978088,223.8668915,29.92,1013.207888
Wql_040850_Probe1.BGA,4/10/2017 8:19,15.78074074,10,4/10/2017 8:21,289.7711792,4/10/2017 8:24,95.96284485,222.3695318,29.92,1013.207888
Wql_040850_Probe1.BGA,4/10/2017 8:49,15.64829731,10,4/10/2017 8:51,289.9417419,4/10/2017 8:54,96.56975555,222.5119169,29.92,1013.207888
Wql_040850_Probe1.BGA,4/10/2017 9:19,15.65857315,10,4/10/2017 9:21,288.5080872,4/10/2017 9:24,98.5697937,221.3153369,29.92,1013.207888
Wql_040850_Probe1.BGA,4/10/2017 9:49,15.74217033,10,4/10/2017 9:51,289.6462097,4/10/2017 9:54,100.1118927,222.2652125,29.92,1013.207888
Wql_040850_Probe1.BGA,4/10/2017 10:19,15.83029079,10,4/10/2017 10:21,290.5011597,4/10/2017 10:24,103.3605804,222.9789682,29.92,1013.207888
Wql_040850_Probe1.BGA,4/10/2017 10:49,16.10816383,10,4/10/2017 10:51,291.595459,4/10/2017 10:54,106.1851196,223.8928141,29.92,1013.207888
Wql_040850_Probe1.BGA,4/10/2017 11:19,16.31735802,10,4/10/2017 11:21,293.0279846,4/10/2017 11:24,109.6714935,225.0895666,29.92,1013.207888
Wql_040850_Probe1.BGA,4/10/2017 11:49,16.52853775,10,4/10/2017 11:51,294.5919189,4/10/2017 11:54,112.2214737,226.3966865,29.92,1013.207888
Wql_040850_Probe1.BGA,4/10/2017 12:19,16.75955963,10,4/10/2017 12:21,297.7522278,4/10/2017 12:24,115.8484116,229.0398963,29.92,1013.207888
Wql_040850_Probe1.BGA,4/10/2017 12:49,17.19198036,10,4/10/2017 12:51,336.3435059,4/10/2017 12:54,117.9942856,261.508763,29.92,1013.207888
Wql_040850_Probe1.BGA,4/10/2017 13:19,17.63280296,10,4/10/2017 13:21,416.5430603,4/10/2017 13:24,122.4232178,330.0028503,29.92,1013.207888
Wql_040850_Probe1.BGA,4/10/2017 13:49,18.26626968,10,4/10/2017 13:51,500.9381104,4/10/2017 13:54,126.421463,403.3450792,29.92,1013.207888
Wql_040850_Probe1.BGA,4/10/2017 14:19,18.86210632,10,4/10/2017 14:21,526.8320923,4/10/2017 14:24,129.3863831,426.0756269,29.92,1013.207888
Wql_040850_Probe1.BGA,4/10/2017 14:49,19.00645828,10,4/10/2017 14:51,528.1030273,4/10/2017 14:54,130.3598022,427.1938612,29.92,1013.207888
Wql_040850_Probe1.BGA,4/10/2017 15:19,19.36176682,10,4/10/2017 15:21,532.9591675,4/10/2017 15:24,132.59198,431.4687164,29.92,1013.207888
Wql_040850_Probe1.BGA,4/10/2017 15:49,19.55319405,10,4/10/2017 15:51,533.2175903,4/10/2017 15:54,132.0094757,431.6963019,29.92,1013.207888
Wql_040850_Probe1.BGA,4/10/2017 16:19,19.72711182,10,4/10/2017 16:21,533.3251343,4/10/2017 16:24,134.3023224,431.7910156,29.92,1013.207888
Wql_040850_Probe1.BGA,4/10/2017 16:49,19.6258564,10,4/10/2017 16:51,537.7150269,4/10/2017 16:54,133.0076294,435.6586108,29.92,1013.207888
Wql_040850_Probe1.BGA,4/10/2017 17:19,19.77242851,10,4/10/2017 17:21,537.9025879,4/10/2017 17:24,133.4606018,435.8239182,29.92,1013.207888
Wql_040850_Probe1.BGA,4/10/2017 17:49,19.80519676,10,4/10/2017 17:51,537.774353,4/10/2017 17:54,132.4006042,435.7108975,29.92,1013.207888
Wql_040850_Probe1.BGA,4/10/2017 18:19,19.66236496,10,4/10/2017 18:21,536.9101563,4/10/2017 18:24,131.81073,434.9492933,29.92,1013.207888
Wql_040850_Probe1.BGA,4/10/2017 18:49,19.65152359,10,4/10/2017 18:51,536.0065308,4/10/2017 18:54,128.5596313,434.1530561,29.92,1013.207888
Wql_040850_Probe1.BGA,4/10/2017 19:19,19.58172798,10,4/10/2017 19:21,534.7908936,4/10/2017 19:24,125.9531784,433.0820732,29.92,1013.207888
Wql_040850_Probe1.BGA,4/10/2017 19:49,19.43632889,10,4/10/2017 19:51,522.0709839,4/10/2017 19:54,122.8675385,421.8886671,29.92,1013.207888
Wql_040850_Probe1.BGA,4/10/2017 20:19,19.36439514,10,4/10/2017 20:21,513.3323975,4/10/2017 20:24,119.6773071,414.2126195,29.92,1013.207888
Wql_040850_Probe1.BGA,4/10/2017 20:49,19.2410202,10,4/10/2017 20:51,510.2466125,4/10/2017 20:54,117.6564178,411.5047699,29.92,1013.207888
Wql_040850_Probe1.BGA,4/10/2017 21:19,19.13926315,10,4/10/2017 21:21,504.1055603,4/10/2017 21:24,115.4938202,406.1201355,29.92,1013.207888
Wql_040850_Probe1.BGA,4/10/2017 21:49,19.12689209,10,4/10/2017 21:51,502.0036621,4/10/2017 21:54,114.2965012,404.2784556,29.92,1013.207888
Wql_040850_Probe1.BGA,4/10/2017 22:19,19.2491188,10,4/10/2017 22:21,507.6246948,4/10/2017 22:24,113.1793213,409.2051041,29.92,1013.207888
Wql_040850_Probe1.BGA,4/10/2017 22:49,19.13866615,10,4/10/2017 22:51,514.6068115,4/10/2017 22:54,112.8215332,415.3313656,29.92,1013.207888
Wql_040850_Probe1.BGA,4/10/2017 23:19,19.14137459,10,4/10/2017 23:21,518.1514282,4/10/2017 23:24,112.0146637,418.4442899,29.92,1013.207888
Wql_040850_Probe1.BGA,4/10/2017 23:49,19.05178261,10,4/10/2017 23:51,499.151886,4/10/2017 23:54,110.9273376,401.7808165,29.92,1013.207888
Wql_040850_Probe1.BGA,4/11/2017 0:19,18.79960823,11,4/11/2017 0:21,463.237854,4/11/2017 0:24,108.7313004,370.4360835,29.87,1011.514693
Wql_040850_Probe1.BGA,4/11/2017 0:49,18.66682625,11,4/11/2017 0:51,474.4082336,4/11/2017 0:54,108.7014313,380.1631615,29.87,1011.514693
Wql_040850_Probe1.BGA,4/11/2017 1:19,18.64357948,11,4/11/2017 1:21,445.3798828,4/11/2017 1:24,107.2489777,354.9284325,29.87,1011.514693
Wql_040850_Probe1.BGA,4/11/2017 1:49,18.42563438,11,4/11/2017 1:51,394.4701538,4/11/2017 1:54,105.8158035,311.0253875,29.87,1011.514693
Wql_040850_Probe1.BGA,4/11/2017 2:19,18.29824638,11,4/11/2017 2:21,366.4283142,4/11/2017 2:24,103.2335663,287.0508974,29.87,1011.514693
Wql_040850_Probe1.BGA,4/11/2017 2:49,18.02951241,11,4/11/2017 2:51,338.1206665,4/11/2017 2:54,101.1730347,263.0121801,29.87,1011.514693
Wql_040850_Probe1.BGA,4/11/2017 3:19,17.85473633,11,4/11/2017 3:21,325.5106506,4/11/2017 3:24,99.43075562,252.3597427,29.87,1011.514693
Wql_040850_Probe1.BGA,4/11/2017 3:49,17.68074989,11,4/11/2017 3:51,316.8978577,4/11/2017 3:54,98.27854919,245.1047153,29.87,1011.514693
Wql_040850_Probe1.BGA,4/11/2017 4:19,17.40199852,11,4/11/2017 4:21,306.2576294,4/11/2017 4:24,97.87924194,236.1657944,29.87,1011.514693
Wql_040850_Probe1.BGA,4/11/2017 4:49,17.23905563,11,4/11/2017 4:51,301.7659302,4/11/2017 4:54,97.14967346,232.4004143,29.87,1011.514693
Wql_040850_Probe1.BGA,4/11/2017 5:19,16.92346573,11,4/11/2017 5:21,299.0999451,4/11/2017 5:24,96.32972717,230.1678471,29.87,1011.514693
Wql_040850_Probe1.BGA,4/11/2017 5:49,16.64347458,11,4/11/2017 5:51,294.5151367,4/11/2017 5:54,95.53442383,226.3324984,29.87,1011.514693
Wql_040850_Probe1.BGA,4/11/2017 6:19,16.47622299,11,4/11/2017 6:21,293.937561,4/11/2017 6:24,95.33383179,225.8497067,29.87,1011.514693
Wql_040850_Probe1.BGA,4/11/2017 6:49,16.18074036,11,4/11/2017 6:51,291.5593567,4/11/2017 6:54,94.58532715,223.8626603,29.87,1011.514693
Wql_040850_Probe1.BGA,4/11/2017 7:19,16.02382851,11,4/11/2017 7:21,287.3540039,4/11/2017 7:24,94.82939148,220.3524764,29.87,1011.514693
Wql_040850_Probe1.BGA,4/11/2017 7:49,15.81708527,11,4/11/2017 7:51,285.3200073,4/11/2017 7:54,95.43288422,218.6563247,29.87,1011.514693
Wql_040850_Probe1.BGA,4/11/2017 8:19,15.69884682,11,4/11/2017 8:21,285.5062561,4/11/2017 8:24,95.7387085,218.8115937,29.87,1011.514693
Wql_040850_Probe1.BGA,4/11/2017 8:49,15.60105419,11,4/11/2017 8:51,283.947998,4/11/2017 8:54,96.94174957,217.5128038,29.87,1011.514693
Wql_040850_Probe1.BGA,4/11/2017 9:19,15.64646244,11,4/11/2017 9:21,282.7156982,4/11/2017 9:24,98.41651917,216.4861392,29.87,1011.514693
Wql_040850_Probe1.BGA,4/11/2017 9:49,15.71266556,11,4/11/2017 9:51,283.7376099,4/11/2017 9:54,100.9913788,217.3374957,29.87,1011.514693
Wql_040850_Probe1.BGA,4/11/2017 10:19,15.78699493,11,4/11/2017 10:21,282.9399719,4/11/2017 10:24,103.8231812,216.6729589,29.87,1011.514693
Wql_040850_Probe1.BGA,4/11/2017 10:49,15.99379635,11,4/11/2017 10:51,282.3220215,4/11/2017 10:54,106.9044495,216.1582385,29.87,1011.514693
Wql_040850_Probe1.BGA,4/11/2017 11:19,16.01539993,11,4/11/2017 11:21,285.7338257,4/11/2017 11:24,109.6907654,219.0013225,29.87,1011.514693
Wql_040850_Probe1.BGA,4/11/2017 11:49,16.33242798,11,4/11/2017 11:51,285.3625488,4/11/2017 11:54,112.5265045,218.6917893,29.87,1011.514693
Wql_040850_Probe1.BGA,4/11/2017 12:19,16.5095253,11,4/11/2017 12:21,286.5455017,4/11/2017 12:24,115.945076,219.678139,29.87,1011.514693
Wql_040850_Probe1.BGA,4/11/2017 12:49,16.86262512,11,4/11/2017 12:51,300.5297241,4/11/2017 12:54,117.2752075,231.364966,29.87,1011.514693
Wql_040850_Probe1.BGA,4/11/2017 13:19,17.3330555,11,4/11/2017 13:21,371.8882751,4/11/2017 13:24,119.0185013,291.7066639,29.87,1011.514693
Wql_040850_Probe1.BGA,4/11/2017 13:49,17.69647598,11,4/11/2017 13:51,381.6687317,4/11/2017 13:54,119.4902344,300.0615247,29.87,1011.514693
Wql_040850_Probe1.BGA,4/11/2017 14:19,18.02798462,11,4/11/2017 14:21,385.2227173,4/11/2017 14:24,119.4571304,303.1021678,29.87,1011.514693
Wql_040850_Probe1.BGA,4/11/2017 14:49,18.29627991,11,4/11/2017 14:51,387.0600586,4/11/2017 14:54,119.952919,304.6750885,29.87,1011.514693
Wql_040850_Probe1.BGA,4/11/2017 15:19,18.52880096,11,4/11/2017 15:21,392.7805176,4/11/2017 15:24,119.9704742,309.5764749,29.87,1011.514693
Wql_040850_Probe1.BGA,4/11/2017 15:49,18.78752708,11,4/11/2017 15:51,430.1595764,4/11/2017 15:54,121.5729675,341.7542487,29.87,1011.514693
Wql_040850_Probe1.BGA,4/11/2017 16:19,19.14695168,11,4/11/2017 16:21,449.879303,4/11/2017 16:24,122.2662888,358.8306169,29.87,1011.514693
Wql_040850_Probe1.BGA,4/11/2017 16:49,19.38244438,11,4/11/2017 16:51,451.7641907,4/11/2017 16:54,121.5900803,360.4663324,29.87,1011.514693
Wql_040850_Probe1.BGA,4/11/2017 17:19,19.38599205,11,4/11/2017 17:21,480.4153748,4/11/2017 17:24,121.4356384,385.402484,29.87,1011.514693
Wql_040850_Probe1.BGA,4/11/2017 17:49,19.99446869,11,4/11/2017 17:51,631.3161621,4/11/2017 17:54,123.0899429,518.7525377,29.87,1011.514693
Wql_040850_Probe1.BGA,4/11/2017 18:19,20.02225494,11,4/11/2017 18:21,645.6622314,4/11/2017 18:24,121.1302719,531.5884097,29.87,1011.514693
Wql_040850_Probe1.BGA,4/11/2017 18:49,20.02589417,11,4/11/2017 18:51,645.6484375,4/11/2017 18:54,119.901947,531.5760557,29.87,1011.514693
Wql_040850_Probe1.BGA,4/11/2017 19:19,19.94462585,11,4/11/2017 19:21,641.1940308,4/11/2017 19:24,117.7067566,527.5878606,29.87,1011.514693
Wql_040850_Probe1.BGA,4/11/2017 19:49,19.81831932,11,4/11/2017 19:51,636.8544312,4/11/2017 19:54,115.7624893,523.7047951,29.87,1011.514693
Wql_040850_Probe1.BGA,4/11/2017 20:19,19.76601028,11,4/11/2017 20:21,632.9697266,4/11/2017 20:24,114.7326584,520.2307384,29.87,1011.514693
Wql_040850_Probe1.BGA,4/11/2017 20:49,19.6664772,11,4/11/2017 20:51,636.2455444,4/11/2017 20:54,113.2481995,523.1601498,29.87,1011.514693
Wql_040850_Probe1.BGA,4/11/2017 21:19,19.62913513,11,4/11/2017 21:21,643.1663818,4/11/2017 21:24,111.2249756,529.3534804,29.87,1011.514693
Wql_040850_Probe1.BGA,4/11/2017 21:49,19.7274456,11,4/11/2017 21:51,638.1880493,4/11/2017 21:54,109.8386993,524.8978676,29.87,1011.514693
Wql_040850_Probe1.BGA,4/11/2017 22:19,19.56430435,11,4/11/2017 22:21,637.4862061,4/11/2017 22:24,108.6745605,524.269962,29.87,1011.514693
Wql_040850_Probe1.BGA,4/11/2017 22:49,19.51382637,11,4/11/2017 22:51,636.7420654,4/11/2017 22:54,107.377182,523.6042812,29.87,1011.514693
Wql_040850_Probe1.BGA,4/11/2017 23:19,19.47224045,11,4/11/2017 23:21,632.0751343,4/11/2017 23:24,106.6010056,519.4309773,29.87,1011.514693
Wql_040850_Probe1.BGA,4/11/2017 23:49,19.26973534,11,4/11/2017 23:51,635.6253052,4/11/2017 23:54,105.834259,522.605397,29.87,1011.514693
Wql_040850_Probe1.BGA,4/12/2017 0:19,19.2155056,12,4/12/2017 0:21,630.9718628,4/12/2017 0:24,105.2249451,518.4447947,29.85,1010.837415
Wql_040850_Probe1.BGA,4/12/2017 0:49,19.15746117,12,4/12/2017 0:51,630.5531006,4/12/2017 0:54,104.2936859,518.0705149,29.85,1010.837415
Wql_040850_Probe1.BGA,4/12/2017 1:19,19.02374077,12,4/12/2017 1:21,629.4639282,4/12/2017 1:24,102.6687927,517.0971405,29.85,1010.837415
Wql_040850_Probe1.BGA,4/12/2017 1:49,18.90535355,12,4/12/2017 1:51,653.8887939,4/12/2017 1:54,102.2928009,538.9603107,29.85,1010.837415
Wql_040850_Probe1.BGA,4/12/2017 2:19,18.87653732,12,4/12/2017 2:21,652.1602173,4/12/2017 2:24,101.059494,537.4106374,29.85,1010.837415
Wql_040850_Probe1.BGA,4/12/2017 2:49,18.78429604,12,4/12/2017 2:51,654.8071289,4/12/2017 2:54,100.7501068,539.7837467,29.85,1010.837415
Wql_040850_Probe1.BGA,4/12/2017 3:19,18.70279121,12,4/12/2017 3:21,649.210083,4/12/2017 3:24,99.61415863,534.766668,29.85,1010.837415
Wql_040850_Probe1.BGA,4/12/2017 3:49,18.58539772,12,4/12/2017 3:51,644.3860474,4/12/2017 3:54,99.11605835,530.4455451,29.85,1010.837415
Wql_040850_Probe1.BGA,4/12/2017 4:19,18.29036903,12,4/12/2017 4:21,643.2860107,4/12/2017 4:24,98.56936646,529.4605857,29.85,1010.837415
Wql_040850_Probe1.BGA,4/12/2017 4:49,18.23713303,12,4/12/2017 4:51,638.4542236,4/12/2017 4:54,97.967659,525.1360168,29.85,1010.837415
Wql_040850_Probe1.BGA,4/12/2017 5:19,18.08335114,12,4/12/2017 5:21,641.0487671,4/12/2017 5:24,97.36624146,527.4578415,29.85,1010.837415
Wql_040850_Probe1.BGA,4/12/2017 5:49,17.91924858,12,4/12/2017 5:51,647.9189453,4/12/2017 5:54,96.66202545,533.6098561,29.85,1010.837415
Wql_040850_Probe1.BGA,4/12/2017 6:19,17.79411888,12,4/12/2017 6:21,647.2133179,4/12/2017 6:24,96.83763123,532.9777254,29.85,1010.837415
Wql_040850_Probe1.BGA,4/12/2017 6:49,17.69947815,12,4/12/2017 6:51,650.5876465,4/12/2017 6:54,96.56352234,536.001137,29.85,1010.837415
Wql_040850_Probe1.BGA,4/12/2017 7:19,17.51556587,12,4/12/2017 7:21,657.6367188,4/12/2017 7:24,96.95169067,542.3215691,29.85,1010.837415
Wql_040850_Probe1.BGA,4/12/2017 7:49,17.59921265,12,4/12/2017 7:51,657.7526855,4/12/2017 7:54,96.95173645,542.4255986,29.85,1010.837415
Wql_040850_Probe1.BGA,4/12/2017 8:19,17.62367058,12,4/12/2017 8:21,658.3425293,4/12/2017 8:24,97.82447052,542.9547509,29.85,1010.837415
Wql_040850_Probe1.BGA,4/12/2017 8:49,17.4418869,12,4/12/2017 8:51,628.6392212,4/12/2017 8:54,98.36870575,516.3602125,29.85,1010.837415
Wql_040850_Probe1.BGA,4/12/2017 9:19,17.46886253,12,4/12/2017 9:21,595.6226807,4/12/2017 9:24,99.57474518,486.9286727,29.85,1010.837415
Wql_040850_Probe1.BGA,4/12/2017 9:49,17.38592529,12,4/12/2017 9:51,589.7633667,4/12/2017 9:54,101.8541336,481.7203032,29.85,1010.837415
Wql_040850_Probe1.BGA,4/12/2017 10:19,17.61741829,12,4/12/2017 10:21,592.1800537,4/12/2017 10:24,104.2277832,483.8679588,29.85,1010.837415
Wql_040850_Probe1.BGA,4/12/2017 10:49,17.82544899,12,4/12/2017 10:51,599.4039307,4/12/2017 10:54,108.3678284,490.2922341,29.85,1010.837415
Wql_040850_Probe1.BGA,4/12/2017 11:19,18.18157959,12,4/12/2017 11:21,601.9672852,4/12/2017 11:24,111.7708435,492.573493,29.85,1010.837415
Wql_040850_Probe1.BGA,4/12/2017 11:49,18.43742943,12,4/12/2017 11:51,604.3895874,4/12/2017 11:54,115.731842,494.7300063,29.85,1010.837415
Wql_040850_Probe1.BGA,4/12/2017 12:19,18.83598709,12,4/12/2017 12:21,610.6251221,4/12/2017 12:24,120.1994781,500.2848274,29.85,1010.837415
Wql_040850_Probe1.BGA,4/12/2017 12:49,19.1048317,12,4/12/2017 12:51,616.7619629,4/12/2017 12:54,123.3016586,505.756594,29.85,1010.837415
Wql_040850_Probe1.BGA,4/12/2017 13:19,19.27972984,12,4/12/2017 13:21,626.3530884,4/12/2017 13:24,125.7109451,514.3178521,29.85,1010.837415
Wql_040850_Probe1.BGA,4/12/2017 13:49,19.63311958,12,4/12/2017 13:51,639.8286133,4/12/2017 13:54,128.8834991,526.3658381,29.85,1010.837415
Wql_040850_Probe1.BGA,4/12/2017 14:19,19.97787857,12,4/12/2017 14:21,645.4458008,4/12/2017 14:24,130.2507935,531.394575,29.85,1010.837415
Wql_040850_Probe1.BGA,4/12/2017 14:49,20.3162365,12,4/12/2017 14:51,650.9984131,4/12/2017 14:54,132.0134888,536.3692797,29.85,1010.837415
Wql_040850_Probe1.BGA,4/12/2017 15:19,20.62475014,12,4/12/2017 15:21,663.3901978,4/12/2017 15:24,134.9520569,547.4847428,29.85,1010.837415
Wql_040850_Probe1.BGA,4/12/2017 15:49,20.740942,12,4/12/2017 15:51,668.7841187,4/12/2017 15:54,135.357605,552.3288217,29.85,1010.837415
Wql_040850_Probe1.BGA,4/12/2017 16:19,20.84895515,12,4/12/2017 16:21,669.6785278,4/12/2017 16:24,136.6248169,553.1323894,29.85,1010.837415
Wql_040850_Probe1.BGA,4/12/2017 16:49,20.8754921,12,4/12/2017 16:51,669.4871216,4/12/2017 16:54,136.5752716,552.9604156,29.85,1010.837415
Wql_040850_Probe1.BGA,4/12/2017 17:19,21.0248909,12,4/12/2017 17:21,666.0177612,4/12/2017 17:24,135.1693115,549.8440291,29.85,1010.837415
Wql_040850_Probe1.BGA,4/12/2017 17:49,20.88379669,12,4/12/2017 17:51,661.6603394,4/12/2017 17:54,133.0289001,545.9319524,29.85,1010.837415
Wql_040850_Probe1.BGA,4/12/2017 18:19,20.94078445,12,4/12/2017 18:21,660.5839844,4/12/2017 18:24,131.3321533,544.9659528,29.85,1010.837415
Wql_040850_Probe1.BGA,4/12/2017 18:49,20.86990356,12,4/12/2017 18:51,656.3619995,4/12/2017 18:54,128.9810181,541.178171,29.85,1010.837415
Wql_040850_Probe1.BGA,4/12/2017 19:19,20.64542389,12,4/12/2017 19:21,659.1171265,4/12/2017 19:24,125.5593719,543.6497098,29.85,1010.837415
Wql_040850_Probe1.BGA,4/12/2017 19:49,20.59129333,12,4/12/2017 19:51,649.9441528,4/12/2017 19:54,123.0566559,535.4244577,29.85,1010.837415
Wql_040850_Probe1.BGA,4/12/2017 20:19,20.45032501,12,4/12/2017 20:21,641.0602417,4/12/2017 20:24,120.8434601,527.4681119,29.85,1010.837415
Wql_040850_Probe1.BGA,4/12/2017 20:49,20.35270691,12,4/12/2017 20:51,639.605835,4/12/2017 20:54,118.8811035,526.1664775,29.85,1010.837415
Wql_040850_Probe1.BGA,4/12/2017 21:19,20.35244179,12,4/12/2017 21:21,634.3918457,4/12/2017 21:24,116.2010498,521.5023103,29.85,1010.837415
Wql_040850_Probe1.BGA,4/12/2017 21:49,20.33477783,12,4/12/2017 21:51,633.2029419,4/12/2017 21:54,114.3892365,520.4392481,29.85,1010.837415
Wql_040850_Probe1.BGA,4/12/2017 22:19,20.17533302,12,4/12/2017 22:21,632.5702515,4/12/2017 22:24,112.9201889,519.8735974,29.85,1010.837415
Wql_040850_Probe1.BGA,4/12/2017 22:49,20.24887466,12,4/12/2017 22:51,632.0081177,4/12/2017 22:54,111.8270416,519.3710687,29.85,1010.837415
Wql_040850_Probe1.BGA,4/12/2017 23:19,20.19309807,12,4/12/2017 23:21,631.5172119,4/12/2017 23:24,110.8856049,518.9322476,29.85,1010.837415
Wql_040850_Probe1.BGA,4/12/2017 23:49,20.05840111,12,4/12/2017 23:51,631.4370117,4/12/2017 23:54,109.6732407,518.8605595,29.85,1010.837415
Wql_040850_Probe1.BGA,4/13/2017 0:19,20.08177567,13,4/13/2017 0:21,627.2971191,4/13/2017 0:24,109.5011444,515.1611408,29.78,1008.466942
Wql_040850_Probe1.BGA,4/13/2017 0:49,19.92032242,13,4/13/2017 0:51,626.7160034,4/13/2017 0:54,108.0771713,514.6420255,29.78,1008.466942
Wql_040850_Probe1.BGA,4/13/2017 1:19,19.99770546,13,4/13/2017 1:21,621.8676758,4/13/2017 1:24,107.1493988,510.3126265,29.78,1008.466942
Wql_040850_Probe1.BGA,4/13/2017 1:49,19.82723999,13,4/13/2017 1:51,620.9747314,4/13/2017 1:54,105.5145264,509.5155787,29.78,1008.466942
Wql_040850_Probe1.BGA,4/13/2017 2:19,19.70594025,13,4/13/2017 2:21,627.7740479,4/13/2017 2:24,104.7493439,515.5872166,29.78,1008.466942
Wql_040850_Probe1.BGA,4/13/2017 2:49,19.74743843,13,4/13/2017 2:51,638.28302,4/13/2017 2:54,103.6142578,524.982838,29.78,1008.466942
Wql_040850_Probe1.BGA,4/13/2017 3:19,19.61255264,13,4/13/2017 3:21,637.4899902,4/13/2017 3:24,102.6326523,524.2733473,29.78,1008.466942
Wql_040850_Probe1.BGA,4/13/2017 3:49,19.52202415,13,4/13/2017 3:51,640.8082275,4/13/2017 3:54,102.0676117,527.2425509,29.78,1008.466942
Wql_040850_Probe1.BGA,4/13/2017 4:19,19.46605492,13,4/13/2017 4:21,640.5192261,4/13/2017 4:24,101.3602371,526.9838948,29.78,1008.466942
Wql_040850_Probe1.BGA,4/13/2017 4:49,19.29685211,13,4/13/2017 4:51,644.1292114,4/13/2017 4:54,100.9503174,530.2155641,29.78,1008.466942
Wql_040850_Probe1.BGA,4/13/2017 5:19,19.30541039,13,4/13/2017 5:21,646.3587646,4/13/2017 5:24,100.2384338,532.2122617,29.78,1008.466942
Wql_040850_Probe1.BGA,4/13/2017 5:49,19.16140747,13,4/13/2017 5:51,634.4560547,4/13/2017 5:54,99.56661224,521.5597279,29.78,1008.466942
Wql_040850_Probe1.BGA,4/13/2017 6:19,18.95512199,13,4/13/2017 6:21,633.5854492,4/13/2017 6:24,98.72983551,520.7812491,29.78,1008.466942
Wql_040850_Probe1.BGA,4/13/2017 6:49,18.78638458,13,4/13/2017 6:51,651.1362915,4/13/2017 6:54,98.68806458,536.4928554,29.78,1008.466942
Wql_040850_Probe1.BGA,4/13/2017 7:19,17.8522377,13,4/13/2017 7:21,3.220004082,4/13/2017 7:24,101.1191025,1.664553906,29.78,1008.466942
Wql_040850_Probe1.BGA,4/13/2017 7:49,17.8522377,13,4/13/2017 7:51,3.220004082,4/13/2017 7:54,101.1191025,1.664553906,29.78,1008.466942
Wql_040850_Probe1.BGA,4/13/2017 8:19,18.76010895,13,4/13/2017 8:21,798.1287231,4/13/2017 8:24,99.56866455,669.4630207,29.78,1008.466942
Wql_040850_Probe1.BGA,4/13/2017 8:49,18.76443291,13,4/13/2017 8:51,854.6635742,4/13/2017 8:54,101.8777466,721.2045548,29.78,1008.466942
Wql_040850_Probe1.BGA,4/13/2017 9:19,18.87579155,13,4/13/2017 9:21,856.0073853,4/13/2017 9:24,103.30896,722.4381723,29.78,1008.466942
Wql_040850_Probe1.BGA,4/13/2017 9:49,19.06050873,13,4/13/2017 9:51,858.2001343,4/13/2017 9:54,105.0385742,724.451479,29.78,1008.466942
Wql_040850_Probe1.BGA,4/13/2017 10:19,19.15987396,13,4/13/2017 10:21,883.2426758,4/13/2017 10:24,107.6312561,747.4764611,29.78,1008.466942
Wql_040850_Probe1.BGA,4/13/2017 10:49,19.4393177,13,4/13/2017 10:51,901.1865845,4/13/2017 10:54,110.9697266,764.0100973,29.78,1008.466942
Wql_040850_Probe1.BGA,4/13/2017 11:19,19.72114372,13,4/13/2017 11:21,901.5695801,4/13/2017 11:24,114.5249023,764.3633091,29.78,1008.466942
Wql_040850_Probe1.BGA,4/13/2017 11:49,19.62632942,13,4/13/2017 11:51,838.4561157,4/13/2017 11:54,117.8742371,706.3396055,29.78,1008.466942
Wql_040850_Probe1.BGA,4/13/2017 12:19,19.82593155,13,4/13/2017 12:21,816.1239624,4/13/2017 12:24,120.9135132,685.8986779,29.78,1008.466942
Wql_040850_Probe1.BGA,4/13/2017 12:49,19.97859573,13,4/13/2017 12:51,812.4741211,4/13/2017 12:54,123.3651123,682.5625592,29.78,1008.466942
Wql_040850_Probe1.BGA,4/13/2017 13:19,20.16536331,13,4/13/2017 13:21,752.6536865,4/13/2017 13:24,125.7662048,628.0755672,29.78,1008.466942
Wql_040850_Probe1.BGA,4/13/2017 13:49,19.9778347,13,4/13/2017 13:51,639.1166992,4/13/2017 13:54,125.2509155,525.7287794,29.78,1008.466942
Wql_040850_Probe1.BGA,4/13/2017 14:19,19.77115059,13,4/13/2017 14:21,552.9945679,4/13/2017 14:24,124.3179626,449.1417277,29.78,1008.466942
Wql_040850_Probe1.BGA,4/13/2017 14:49,19.68878365,13,4/13/2017 14:51,475.7248535,4/13/2017 14:54,124.3836365,381.3109983,29.78,1008.466942
Wql_040850_Probe1.BGA,4/13/2017 15:19,19.64750099,13,4/13/2017 15:21,445.3919678,4/13/2017 15:24,124.8679504,354.9389088,29.78,1008.466942
Wql_040850_Probe1.BGA,4/13/2017 15:49,19.81462479,13,4/13/2017 15:51,440.1128845,4/13/2017 15:54,125.5331116,350.3649532,29.78,1008.466942
Wql_040850_Probe1.BGA,4/13/2017 16:19,19.87625122,13,4/13/2017 16:21,440.0767822,4/13/2017 16:24,125.4329224,350.3336896,29.78,1008.466942
Wql_040850_Probe1.BGA,4/13/2017 16:49,19.94462204,13,4/13/2017 16:51,439.9453125,4/13/2017 16:54,124.3798218,350.2198424,29.78,1008.466942
Wql_040850_Probe1.BGA,4/13/2017 17:19,19.90548897,13,4/13/2017 17:21,439.3236389,4/13/2017 17:24,122.7051392,349.6815397,29.78,1008.466942
Wql_040850_Probe1.BGA,4/13/2017 17:49,19.99986267,13,4/13/2017 17:51,436.2404175,4/13/2017 17:54,119.7700806,347.0127903,29.78,1008.466942
Wql_040850_Probe1.BGA,4/13/2017 18:19,19.99541092,13,4/13/2017 18:21,437.896698,4/13/2017 18:24,119.541687,348.4462148,29.78,1008.466942
Wql_040850_Probe1.BGA,4/13/2017 18:49,19.9866848,13,4/13/2017 18:51,437.4651794,4/13/2017 18:54,118.9667053,348.072712,29.78,1008.466942
Wql_040850_Probe1.BGA,4/13/2017 19:19,19.99983406,13,4/13/2017 19:21,439.013031,4/13/2017 19:24,117.2641602,349.4126116,29.78,1008.466942
Wql_040850_Probe1.BGA,4/13/2017 19:49,19.8848362,13,4/13/2017 19:51,438.5786438,4/13/2017 19:54,115.4997253,349.0365418,29.78,1008.466942
Wql_040850_Probe1.BGA,4/13/2017 20:19,19.85105705,13,4/13/2017 20:21,436.3909607,4/13/2017 20:24,113.4379883,347.1430579,29.78,1008.466942
Wql_040850_Probe1.BGA,4/13/2017 20:49,19.77338791,13,4/13/2017 20:51,436.1411743,4/13/2017 20:54,111.5113831,346.9269156,29.78,1008.466942
Wql_040850_Probe1.BGA,4/13/2017 21:19,19.82420158,13,4/13/2017 21:21,435.9071045,4/13/2017 21:24,109.8184814,346.724383,29.78,1008.466942
Wql_040850_Probe1.BGA,4/13/2017 21:49,19.64662933,13,4/13/2017 21:51,435.7098999,4/13/2017 21:54,108.5779114,346.5537559,29.78,1008.466942
Wql_040850_Probe1.BGA,4/13/2017 22:19,19.70031738,13,4/13/2017 22:21,433.6077881,4/13/2017 22:24,107.5979156,344.7353706,29.78,1008.466942
Wql_040850_Probe1.BGA,4/13/2017 22:49,19.72533035,13,4/13/2017 22:51,431.3445435,4/13/2017 22:54,106.9541321,342.7784661,29.78,1008.466942
Wql_040850_Probe1.BGA,4/13/2017 23:19,19.51198578,13,4/13/2017 23:21,431.1480408,4/13/2017 23:24,105.5910034,342.6086033,29.78,1008.466942
Wql_040850_Probe1.BGA,4/13/2017 23:49,19.57460785,13,4/13/2017 23:51,428.9636536,4/13/2017 23:54,105.0290222,340.7208129,29.78,1008.466942
Wql_040850_Probe1.BGA,4/14/2017 0:19,19.59829903,14,4/14/2017 0:21,426.7192078,4/14/2017 0:24,104.9052124,338.7819977,29.77,1008.128303
Wql_040850_Probe1.BGA,4/14/2017 0:49,19.46834373,14,4/14/2017 0:51,428.2822876,4/14/2017 0:54,104.4973907,340.1321355,29.77,1008.128303
Wql_040850_Probe1.BGA,4/14/2017 1:19,19.49910927,14,4/14/2017 1:21,455.5009766,4/14/2017 1:24,103.12323,363.7109047,29.77,1008.128303
Wql_040850_Probe1.BGA,4/14/2017 1:49,19.46227455,14,4/14/2017 1:51,484.6418762,4/14/2017 1:54,102.6979675,389.092217,29.77,1008.128303
Wql_040850_Probe1.BGA,4/14/2017 2:19,19.27556038,14,4/14/2017 2:21,484.2390442,4/14/2017 2:24,102.0427704,388.7404227,29.77,1008.128303
Wql_040850_Probe1.BGA,4/14/2017 2:49,19.19551086,14,4/14/2017 2:51,475.8241272,4/14/2017 2:54,101.0496521,381.397557,29.77,1008.128303
Wql_040850_Probe1.BGA,4/14/2017 3:19,19.10893631,14,4/14/2017 3:21,471.4325256,4/14/2017 3:24,100.4485474,377.5699535,29.77,1008.128303
Wql_040850_Probe1.BGA,4/14/2017 3:49,18.89110184,14,4/14/2017 3:51,466.7313538,4/14/2017 3:54,99.06994629,373.4760056,29.77,1008.128303
Wql_040850_Probe1.BGA,4/14/2017 4:19,18.65328026,14,4/14/2017 4:21,463.9829407,4/14/2017 4:24,98.40977478,371.0842637,29.77,1008.128303
Wql_040850_Probe1.BGA,4/14/2017 4:49,18.55003357,14,4/14/2017 4:51,455.5093689,4/14/2017 4:54,97.6214447,363.7181942,29.77,1008.128303
Wql_040850_Probe1.BGA,4/14/2017 5:19,18.33979988,14,4/14/2017 5:21,447.0200806,4/14/2017 5:24,96.99169922,356.3505177,29.77,1008.128303
Wql_040850_Probe1.BGA,4/14/2017 5:49,18.03355789,14,4/14/2017 5:51,444.4894409,4/14/2017 5:54,96.08740234,354.1565936,29.77,1008.128303
Wql_040850_Probe1.BGA,4/14/2017 6:19,17.98579025,14,4/14/2017 6:21,443.9519653,4/14/2017 6:24,95.66647339,353.6907731,29.77,1008.128303
Wql_040850_Probe1.BGA,4/14/2017 6:49,17.66994858,14,4/14/2017 6:51,452.7674561,4/14/2017 6:54,95.4804306,361.337216,29.77,1008.128303
Wql_040850_Probe1.BGA,4/14/2017 7:19,17.56668091,14,4/14/2017 7:21,467.4379272,4/14/2017 7:24,94.52224731,374.0910846,29.77,1008.128303
Wql_040850_Probe1.BGA,4/14/2017 7:49,17.52501297,14,4/14/2017 7:51,478.7868652,4/14/2017 7:54,95.06783295,383.9815553,29.77,1008.128303
Wql_040850_Probe1.BGA,4/14/2017 8:19,17.43984222,14,4/14/2017 8:21,471.4994507,4/14/2017 8:24,96.40158081,377.6282603,29.77,1008.128303
Wql_040850_Probe1.BGA,4/14/2017 8:49,17.46285248,14,4/14/2017 8:51,470.1847229,4/14/2017 8:54,97.17679596,376.4829715,29.77,1008.128303
Wql_040850_Probe1.BGA,4/14/2017 9:19,17.55766869,14,4/14/2017 9:21,477.0368652,4/14/2017 9:24,99.14561462,382.4550951,29.77,1008.128303
Wql_040850_Probe1.BGA,4/14/2017 9:49,17.72813034,14,4/14/2017 9:51,482.3395081,4/14/2017 9:54,101.486084,387.0818992,29.77,1008.128303
Wql_040850_Probe1.BGA,4/14/2017 10:19,17.75301552,14,4/14/2017 10:21,485.3886719,4/14/2017 10:24,104.170166,389.7444636,29.77,1008.128303
Wql_040850_Probe1.BGA,4/14/2017 10:49,18.02540207,14,4/14/2017 10:51,486.5431824,4/14/2017 10:54,107.8206329,390.7529791,29.77,1008.128303
Wql_040850_Probe1.BGA,4/14/2017 11:19,18.35602951,14,4/14/2017 11:21,489.8488464,4/14/2017 11:24,110.6282654,393.641782,29.77,1008.128303
Wql_040850_Probe1.BGA,4/14/2017 11:49,18.54304886,14,4/14/2017 11:51,493.0736389,4/14/2017 11:54,114.1595764,396.4615617,29.77,1008.128303
Wql_040850_Probe1.BGA,4/14/2017 12:19,18.99590302,14,4/14/2017 12:21,496.1677551,4/14/2017 12:24,116.7488403,399.1685998,29.77,1008.128303
Wql_040850_Probe1.BGA,4/14/2017 12:49,19.22710419,14,4/14/2017 12:51,500.8999634,4/14/2017 12:54,119.2496338,403.3116673,29.77,1008.128303
Wql_040850_Probe1.BGA,4/14/2017 13:19,19.36286354,14,4/14/2017 13:21,499.6800842,4/14/2017 13:24,121.41922,402.2433281,29.77,1008.128303
Wql_040850_Probe1.BGA,4/14/2017 13:49,19.60051346,14,4/14/2017 13:51,502.3469238,4/14/2017 13:54,123.7791443,404.5791748,29.77,1008.128303
Wql_040850_Probe1.BGA,4/14/2017 14:19,19.76192856,14,4/14/2017 14:21,505.0028076,4/14/2017 14:24,125.7459717,406.9065078,29.77,1008.128303
Wql_040850_Probe1.BGA,4/14/2017 14:49,20.07960892,14,4/14/2017 14:51,503.671936,4/14/2017 14:54,126.6908264,405.7401393,29.77,1008.128303
Wql_040850_Probe1.BGA,4/14/2017 15:19,20.31014824,14,4/14/2017 15:21,507.9026794,4/14/2017 15:24,127.3838196,409.4488732,29.77,1008.128303
Wql_040850_Probe1.BGA,4/14/2017 15:49,20.51847458,14,4/14/2017 15:51,510.0256958,4/14/2017 15:54,127.0621033,411.3109653,29.77,1008.128303
Wql_040850_Probe1.BGA,4/14/2017 16:19,20.70029449,14,4/14/2017 16:21,515.9835815,4/14/2017 16:24,127.7429199,416.5402384,29.77,1008.128303
Wql_040850_Probe1.BGA,4/14/2017 16:49,20.78644371,14,4/14/2017 16:51,538.2952271,4/14/2017 16:54,126.934845,436.1699883,29.77,1008.128303
Wql_040850_Probe1.BGA,4/14/2017 17:19,20.92316246,14,4/14/2017 17:21,617.8145752,4/14/2017 17:24,128.9487915,506.6956121,29.77,1008.128303
Wql_040850_Probe1.BGA,4/14/2017 17:49,21.0945034,14,4/14/2017 17:51,636.7455444,4/14/2017 17:54,128.6010742,523.6073932,29.77,1008.128303
Wql_040850_Probe1.BGA,4/14/2017 18:19,21.10603714,14,4/14/2017 18:21,636.2093506,4/14/2017 18:24,126.9364014,523.1277762,29.77,1008.128303
Wql_040850_Probe1.BGA,4/14/2017 18:49,21.0929985,14,4/14/2017 18:51,639.8704224,4/14/2017 18:54,124.6364746,526.4032531,29.77,1008.128303
Wql_040850_Probe1.BGA,4/14/2017 19:19,20.91936493,14,4/14/2017 19:21,639.0788574,4/14/2017 19:24,122.6516113,525.6949183,29.77,1008.128303
Wql_040850_Probe1.BGA,4/14/2017 19:49,20.91368675,14,4/14/2017 19:51,638.53479,4/14/2017 19:54,120.661377,525.2081023,29.77,1008.128303
Wql_040850_Probe1.BGA,4/14/2017 20:19,20.90951157,14,4/14/2017 20:21,637.6844482,4/14/2017 20:24,118.9573975,524.4473136,29.77,1008.128303
Wql_040850_Probe1.BGA,4/14/2017 20:49,20.78008652,14,4/14/2017 20:51,636.8491211,4/14/2017 20:54,117.2565918,523.7000451,29.77,1008.128303
Wql_040850_Probe1.BGA,4/14/2017 21:19,20.78837585,14,4/14/2017 21:21,636.1112061,4/14/2017 21:24,115.9215088,523.0399913,29.77,1008.128303
Wql_040850_Probe1.BGA,4/14/2017 21:49,20.67764664,14,4/14/2017 21:51,639.2191772,4/14/2017 21:54,114.432312,525.8204783,29.77,1008.128303
Wql_040850_Probe1.BGA,4/14/2017 22:19,20.65202522,14,4/14/2017 22:21,638.4226074,4/14/2017 22:24,112.743988,525.107729,29.77,1008.128303
Wql_040850_Probe1.BGA,4/14/2017 22:49,20.62392235,14,4/14/2017 22:51,633.4671021,4/14/2017 22:54,111.9827881,520.6754327,29.77,1008.128303
Wql_040850_Probe1.BGA,4/14/2017 23:19,20.5767498,14,4/14/2017 23:21,632.6713257,4/14/2017 23:24,110.0540771,519.9639584,29.77,1008.128303
Wql_040850_Probe1.BGA,4/14/2017 23:49,20.38351631,14,4/14/2017 23:51,628.2113037,4/14/2017 23:54,109.296936,515.9778746,29.77,1008.128303
Wql_040850_Probe1.BGA,4/15/2017 0:19,20.43147659,15,4/15/2017 0:21,631.5814819,4/15/2017 0:24,108.0115356,518.9896969,29.84,1010.498776
Wql_040850_Probe1.BGA,4/15/2017 0:49,20.33709908,15,4/15/2017 0:51,626.9241333,4/15/2017 0:54,107.3527527,514.8279447,29.84,1010.498776
Wql_040850_Probe1.BGA,4/15/2017 1:19,20.1347847,15,4/15/2017 1:21,622.0930786,4/15/2017 1:24,105.717041,510.5138384,29.84,1010.498776
Wql_040850_Probe1.BGA,4/15/2017 1:49,20.04428864,15,4/15/2017 1:51,621.2043457,4/15/2017 1:54,104.6315918,509.7205242,29.84,1010.498776
Wql_040850_Probe1.BGA,4/15/2017 2:19,20.03292465,15,4/15/2017 2:21,616.5409546,4/15/2017 2:24,103.6541748,505.5594539,29.84,1010.498776
Wql_040850_Probe1.BGA,4/15/2017 2:49,19.99299049,15,4/15/2017 2:51,611.7778931,4/15/2017 2:54,102.6125488,501.3123011,29.84,1010.498776
Wql_040850_Probe1.BGA,4/15/2017 3:19,19.8616333,15,4/15/2017 3:21,606.2200928,4/15/2017 3:24,101.838623,496.3601618,29.84,1010.498776
Wql_040850_Probe1.BGA,4/15/2017 3:49,19.69350243,15,4/15/2017 3:51,593.1779785,4/15/2017 3:54,100.741394,484.7550169,29.84,1010.498776
Wql_040850_Probe1.BGA,4/15/2017 4:19,19.44976807,15,4/15/2017 4:21,550.227417,4/15/2017 4:24,99.68487549,446.6974594,29.84,1010.498776
Wql_040850_Probe1.BGA,4/15/2017 4:49,19.20940018,15,4/15/2017 4:51,529.7194824,4/15/2017 4:54,98.60241699,428.6164433,29.84,1010.498776
Wql_040850_Probe1.BGA,4/15/2017 5:19,19.01276016,15,4/15/2017 5:21,520.5057983,4/15/2017 5:24,98.86846924,420.51296,29.84,1010.498776
Wql_040850_Probe1.BGA,4/15/2017 5:49,18.90799141,15,4/15/2017 5:51,522.6521606,4/15/2017 5:54,98.15188599,422.3995799,29.84,1010.498776
Wql_040850_Probe1.BGA,4/15/2017 6:19,18.8359623,15,4/15/2017 6:21,516.9191284,4/15/2017 6:24,97.09431458,417.361857,29.84,1010.498776
Wql_040850_Probe1.BGA,4/15/2017 6:49,18.59146309,15,4/15/2017 6:51,544.9658203,4/15/2017 6:54,96.86016846,442.0527882,29.84,1010.498776
Wql_040850_Probe1.BGA,4/15/2017 7:19,18.40893936,15,4/15/2017 7:21,570.0494995,4/15/2017 7:24,96.89199829,464.2301473,29.84,1010.498776
Wql_040850_Probe1.BGA,4/15/2017 7:49,18.36178207,15,4/15/2017 7:51,565.592041,4/15/2017 7:54,96.7525177,460.2827788,29.84,1010.498776
Wql_040850_Probe1.BGA,4/15/2017 8:19,18.24622154,15,4/15/2017 8:21,553.6349487,4/15/2017 8:24,96.54260254,449.7075395,29.84,1010.498776
Wql_040850_Probe1.BGA,4/15/2017 8:49,18.16182137,15,4/15/2017 8:51,549.5919189,4/15/2017 8:54,96.51419067,446.136266,29.84,1010.498776
Wql_040850_Probe1.BGA,4/15/2017 9:19,18.23171997,15,4/15/2017 9:21,546.0258789,4/15/2017 9:24,98.38059998,442.9882388,29.84,1010.498776
Wql_040850_Probe1.BGA,4/15/2017 9:49,18.25469398,15,4/15/2017 9:51,550.9501343,4/15/2017 9:54,99.27233887,447.3357432,29.84,1010.498776
Wql_040850_Probe1.BGA,4/15/2017 10:19,18.45149231,15,4/15/2017 10:21,548.326355,4/15/2017 10:24,101.3885498,445.0188462,29.84,1010.498776
Wql_040850_Probe1.BGA,4/15/2017 10:49,18.5421524,15,4/15/2017 10:51,554.8835449,4/15/2017 10:54,104.3264465,450.8109083,29.84,1010.498776
Wql_040850_Probe1.BGA,4/15/2017 11:19,18.9251709,15,4/15/2017 11:21,556.0734863,4/15/2017 11:24,108.6423035,451.8626475,29.84,1010.498776
Wql_040850_Probe1.BGA,4/15/2017 11:49,19.17443275,15,4/15/2017 11:51,561.0244141,4/15/2017 11:54,114.3451843,456.2406818,29.84,1010.498776
Wql_040850_Probe1.BGA,4/15/2017 12:19,19.41634369,15,4/15/2017 12:21,564.6517334,4/15/2017 12:24,119.5231934,459.4504236,29.84,1010.498776
Wql_040850_Probe1.BGA,4/15/2017 12:49,19.86435699,15,4/15/2017 12:51,575.7402954,4/15/2017 12:54,124.4361572,469.2736534,29.84,1010.498776
Wql_040850_Probe1.BGA,4/15/2017 13:19,20.07688904,15,4/15/2017 13:21,577.9136353,4/15/2017 13:24,126.8288574,471.2009482,29.84,1010.498776
Wql_040850_Probe1.BGA,4/15/2017 13:49,20.36522293,15,4/15/2017 13:51,602.6304321,4/15/2017 13:54,127.5638428,493.1638,29.84,1010.498776
Wql_040850_Probe1.BGA,4/15/2017 14:19,20.46763992,15,4/15/2017 14:21,614.9974365,4/15/2017 14:24,128.0876465,504.1828046,29.84,1010.498776
Wql_040850_Probe1.BGA,4/15/2017 14:49,20.69648743,15,4/15/2017 14:51,616.2427979,4/15/2017 14:54,130.5914917,505.2935072,29.84,1010.498776
Wql_040850_Probe1.BGA,4/15/2017 15:19,20.9126091,15,4/15/2017 15:21,621.2679443,4/15/2017 15:24,130.0820313,509.7772913,29.84,1010.498776
Wql_040850_Probe1.BGA,4/15/2017 15:49,21.01584244,15,4/15/2017 15:51,625.894043,4/15/2017 15:54,131.4605103,513.9078339,29.84,1010.498776
Wql_040850_Probe1.BGA,4/15/2017 16:19,21.06548691,15,4/15/2017 16:21,625.8995972,4/15/2017 16:24,131.1101685,513.9127948,29.84,1010.498776
Wql_040850_Probe1.BGA,4/15/2017 16:49,21.22140312,15,4/15/2017 16:51,618.9728394,4/15/2017 16:54,131.7918091,507.7290429,29.84,1010.498776
Wql_040850_Probe1.BGA,4/15/2017 17:19,21.05051613,15,4/15/2017 17:21,538.8748169,4/15/2017 17:24,128.3773193,436.6808761,29.84,1010.498776
Wql_040850_Probe1.BGA,4/15/2017 17:49,20.75214195,15,4/15/2017 17:51,474.4207764,4/15/2017 17:54,124.7549744,380.1740951,29.84,1010.498776
Wql_040850_Probe1.BGA,4/15/2017 18:19,20.72639656,15,4/15/2017 18:21,464.101532,4/15/2017 18:24,122.3851624,371.1874394,29.84,1010.498776
Wql_040850_Probe1.BGA,4/15/2017 18:49,20.55537987,15,4/15/2017 18:51,461.6874695,4/15/2017 18:54,120.3737183,369.0876367,29.84,1010.498776
Wql_040850_Probe1.BGA,4/15/2017 19:19,20.40494728,15,4/15/2017 19:21,456.7018433,4/15/2017 19:24,117.9945068,364.7540891,29.84,1010.498776
Wql_040850_Probe1.BGA,4/15/2017 19:49,20.41801262,15,4/15/2017 19:51,459.914856,4/15/2017 19:54,114.5697021,367.5463933,29.84,1010.498776
Wql_040850_Probe1.BGA,4/15/2017 20:19,20.25611115,15,4/15/2017 20:21,461.1412659,4/15/2017 20:24,112.8347778,368.6126707,29.84,1010.498776
Wql_040850_Probe1.BGA,4/15/2017 20:49,20.46832657,15,4/15/2017 20:51,472.6029358,4/15/2017 20:54,112.1090393,378.5897472,29.84,1010.498776
Wql_040850_Probe1.BGA,4/15/2017 21:19,20.43421555,15,4/15/2017 21:21,484.2919312,4/15/2017 21:24,111.2792053,388.7866076,29.84,1010.498776
Wql_040850_Probe1.BGA,4/15/2017 21:49,20.59572411,15,4/15/2017 21:51,487.927063,4/15/2017 21:54,110.3186035,391.9621362,29.84,1010.498776
Wql_040850_Probe1.BGA,4/15/2017 22:19,20.4549942,15,4/15/2017 22:21,489.6186218,4/15/2017 22:24,109.249939,393.4405343,29.84,1010.498776
Wql_040850_Probe1.BGA,4/15/2017 22:49,20.3897438,15,4/15/2017 22:51,493.4285583,4/15/2017 22:54,108.803772,396.7720046,29.84,1010.498776
Wql_040850_Probe1.BGA,4/15/2017 23:19,20.49087715,15,4/15/2017 23:21,483.175293,4/15/2017 23:24,107.875946,387.8115694,29.84,1010.498776
Wql_040850_Probe1.BGA,4/15/2017 23:49,20.25422668,15,4/15/2017 23:51,448.8877563,4/15/2017 23:54,105.9424133,357.9703887,29.84,1010.498776
Wql_040850_Probe1.BGA,4/16/2017 0:19,20.06724358,16,4/16/2017 0:21,432.6305237,4/16/2017 0:24,104.0490723,343.8902729,29.89,1012.191971
Wql_040850_Probe1.BGA,4/16/2017 0:49,19.91106224,16,4/16/2017 0:51,430.1523132,4/16/2017 0:54,103.1554871,341.7479715,29.89,1012.191971
Wql_040850_Probe1.BGA,4/16/2017 1:19,19.79864311,16,4/16/2017 1:21,429.7577209,4/16/2017 1:24,102.8213196,341.4069641,29.89,1012.191971
Wql_040850_Probe1.BGA,4/16/2017 1:49,19.82940865,16,4/16/2017 1:51,433.1261292,4/16/2017 1:54,102.3204803,344.318831,29.89,1012.191971
Wql_040850_Probe1.BGA,4/16/2017 2:19,19.65906906,16,4/16/2017 2:21,440.7218323,4/16/2017 2:24,101.5956421,350.8923191,29.89,1012.191971
Wql_040850_Probe1.BGA,4/16/2017 2:49,19.51533508,16,4/16/2017 2:51,446.2698669,4/16/2017 2:54,101.2817383,355.7000101,29.89,1012.191971
Wql_040850_Probe1.BGA,4/16/2017 3:19,19.42624092,16,4/16/2017 3:21,455.7773132,4/16/2017 3:24,100.2693329,363.950935,29.89,1012.191971
Wql_040850_Probe1.BGA,4/16/2017 3:49,19.35995102,16,4/16/2017 3:51,500.4967651,4/16/2017 3:54,99.67453003,402.9585312,29.89,1012.191971
Wql_040850_Probe1.BGA,4/16/2017 4:19,19.22264481,16,4/16/2017 4:21,537.6085815,4/16/2017 4:24,98.30926514,435.5647971,29.89,1012.191971
Wql_040850_Probe1.BGA,4/16/2017 4:49,18.91308022,16,4/16/2017 4:51,547.3632202,4/16/2017 4:54,97.59729004,444.1686054,29.89,1012.191971
Wql_040850_Probe1.BGA,4/16/2017 5:19,18.87240982,16,4/16/2017 5:21,553.5357056,4/16/2017 5:24,96.58374023,449.619849,29.89,1012.191971
Wql_040850_Probe1.BGA,4/16/2017 5:49,18.52022171,16,4/16/2017 5:51,544.2978516,4/16/2017 5:54,96.23094177,441.46342,29.89,1012.191971
Wql_040850_Probe1.BGA,4/16/2017 6:19,18.44485474,16,4/16/2017 6:21,547.2863159,4/16/2017 6:24,95.63286591,444.1007212,29.89,1012.191971
Wql_040850_Probe1.BGA,4/16/2017 6:49,18.22245789,16,4/16/2017 6:51,542.9500732,4/16/2017 6:54,95.73666382,440.2744295,29.89,1012.191971
Wql_040850_Probe1.BGA,4/16/2017 7:19,18.12207222,16,4/16/2017 7:21,539.1692505,4/16/2017 7:24,95.69691467,436.9404274,29.89,1012.191971
Wql_040850_Probe1.BGA,4/16/2017 7:49,17.93189621,16,4/16/2017 7:51,539.2304077,4/16/2017 7:54,95.93972778,436.9943407,29.89,1012.191971
Wql_040850_Probe1.BGA,4/16/2017 8:19,17.8847599,16,4/16/2017 8:21,539.651001,4/16/2017 8:24,96.29368591,437.3651304,29.89,1012.191971
Wql_040850_Probe1.BGA,4/16/2017 8:49,17.8678627,16,4/16/2017 8:51,533.1080933,4/16/2017 8:54,97.49050903,431.5998698,29.89,1012.191971
Wql_040850_Probe1.BGA,4/16/2017 9:19,17.97796249,16,4/16/2017 9:21,534.7060547,4/16/2017 9:24,98.17735291,433.0073376,29.89,1012.191971
Wql_040850_Probe1.BGA,4/16/2017 9:49,18.09698677,16,4/16/2017 9:51,532.9894409,4/16/2017 9:54,100.3638306,431.4953768,29.89,1012.191971
Wql_040850_Probe1.BGA,4/16/2017 10:19,18.13478661,16,4/16/2017 10:21,528.7674561,4/16/2017 10:24,103.4690704,427.7785541,29.89,1012.191971
Wql_040850_Probe1.BGA,4/16/2017 10:49,18.46876526,16,4/16/2017 10:51,539.1001587,4/16/2017 10:54,107.1235199,436.8795199,29.89,1012.191971
Wql_040850_Probe1.BGA,4/16/2017 11:19,18.50030899,16,4/16/2017 11:21,545.7965698,4/16/2017 11:24,110.841095,442.785871,29.89,1012.191971
Wql_040850_Probe1.BGA,4/16/2017 11:49,18.88893509,16,4/16/2017 11:51,540.6130371,4/16/2017 11:54,114.8629456,438.2133447,29.89,1012.191971
Wql_040850_Probe1.BGA,4/16/2017 12:19,19.13741875,16,4/16/2017 12:21,543.3255005,4/16/2017 12:24,118.4767303,440.6056,29.89,1012.191971
Wql_040850_Probe1.BGA,4/16/2017 12:49,19.39385605,16,4/16/2017 12:51,540.4298096,4/16/2017 12:54,119.3821106,438.0517852,29.89,1012.191971
Wql_040850_Probe1.BGA,4/16/2017 13:19,19.73805237,16,4/16/2017 13:21,545.1434937,4/16/2017 13:24,120.9331055,442.2095652,29.89,1012.191971
Wql_040850_Probe1.BGA,4/16/2017 13:49,19.96056938,16,4/16/2017 13:51,546.250061,4/16/2017 13:54,122.6099243,443.1860891,29.89,1012.191971
