region,site,DateTime_UTC,Battery_V,CDOM_ppb,DO_mgL,DOsat_pct,Depth_m,SpecCond_mScm,Turbidity_NTU,WaterTemp_C,pH,pH_mV
AZ,SC,2/20/2017 21:30,6.66,29.4,9.78,99.2,0.45,239.8,150,13.12,8.16,-62.1
AZ,SC,2/20/2017 21:45,6.67,29.63,9.8,99.3,0.43,240.3,110.7,13.04,8.15,-61.5
AZ,SC,2/20/2017 22:00,6.61,29.55,9.79,99.4,0.42,240.7,133.9,13.13,8.14,-61.3
AZ,SC,2/20/2017 22:15,6.62,29.49,9.76,99.7,0.43,241.8,112.2,13.42,8.14,-61.3
AZ,SC,2/20/2017 22:30,6.84,29.21,9.72,100.2,0.41,242.2,113.2,13.84,8.15,-61.9
AZ,SC,2/20/2017 22:45,6.66,29.17,9.65,100.1,0.42,242.9,148.5,14.09,8.16,-62.3
AZ,SC,2/20/2017 23:00,6.82,29.35,9.61,99.6,0.42,243.6,113.1,14.09,8.15,-61.9
AZ,SC,2/20/2017 23:15,6.79,29.55,9.57,99,0.42,244.3,113.2,13.96,8.14,-61.6
AZ,SC,2/20/2017 23:30,6.81,29.4,9.53,99.2,0.41,245,108.8,14.3,8.15,-61.7
AZ,SC,2/20/2017 23:45,6.79,29.07,9.45,99.7,0.42,245.8,126.8,14.89,8.18,-63.5
AZ,SC,2/21/2017 0:00,6.89,29,9.39,99.7,0.42,246.7,100.1,15.16,8.18,-64
AZ,SC,2/21/2017 0:15,6.92,29.03,9.37,99.7,0.42,247.1,99.97,15.29,8.19,-64.4
AZ,SC,2/21/2017 0:30,6.84,29.16,9.33,99.1,0.41,247.6,109.8,15.23,8.19,-64.1
AZ,SC,2/21/2017 0:45,6.96,29.36,9.32,98.7,0.42,247.6,104.3,15.02,8.17,-63.1
AZ,SC,2/21/2017 1:00,6.89,29.54,9.34,98.5,0.42,248.5,126.1,14.84,8.15,-62.3
AZ,SC,2/21/2017 1:15,6.89,29.66,9.37,98.5,0.41,249.1,108.2,14.71,8.15,-61.8
AZ,SC,2/21/2017 1:30,6.97,29.87,9.39,98.5,0.41,249.7,187.7,14.61,8.15,-61.8
AZ,SC,2/21/2017 1:45,6.96,29.98,9.4,98.3,0.41,250.2,99.59,14.48,8.14,-61.5
AZ,SC,2/21/2017 2:00,6.89,30.09,9.39,98,0.41,250.5,97.12,14.39,8.14,-61.2
AZ,SC,2/21/2017 2:15,6.99,30.3,9.39,97.8,0.4,251.3,146.2,14.3,8.13,-61
AZ,SC,2/21/2017 2:30,6.96,30.49,9.39,97.5,0.41,251.8,102.1,14.13,8.13,-60.7
AZ,SC,2/21/2017 2:45,6.99,30.72,9.41,97.2,0.4,252,295.8,13.95,8.12,-60.4
AZ,SC,2/21/2017 3:00,6.89,30.99,9.43,97.1,0.39,252.8,120.1,13.78,8.12,-60
AZ,SC,2/21/2017 3:15,6.92,31.03,9.45,97,0.39,252.9,114.2,13.62,8.12,-59.9
AZ,SC,2/21/2017 3:30,6.96,31.2,9.47,97,0.4,253.4,100.8,13.5,8.11,-59.7
AZ,SC,2/21/2017 3:45,6.92,31.36,9.48,96.9,0.4,253.7,91.63,13.41,8.11,-59.6
AZ,SC,2/21/2017 4:00,6.97,31.45,9.49,96.8,0.4,254.2,96.16,13.35,8.11,-59.3
AZ,SC,2/21/2017 4:15,6.89,31.47,9.49,96.7,0.39,254.5,104.3,13.3,8.1,-59.2
AZ,SC,2/21/2017 4:30,7.02,31.59,9.49,96.6,0.4,255,99.9,13.26,8.1,-59.2
AZ,SC,2/21/2017 4:45,6.96,31.66,9.51,96.7,0.4,255.8,100.2,13.23,8.1,-58.9
AZ,SC,2/21/2017 5:00,6.91,31.67,9.51,96.7,0.39,255.9,90.33,13.18,8.1,-58.8
AZ,SC,2/21/2017 5:15,6.87,31.68,9.52,96.6,0.4,256.2,94.08,13.12,8.1,-59
AZ,SC,2/21/2017 5:30,6.91,32.01,9.53,96.6,0.4,257.2,93.85,13.06,8.09,-58.5
AZ,SC,2/21/2017 5:45,6.91,32.21,9.55,96.6,0.39,257.1,108.4,12.98,8.1,-58.8
AZ,SC,2/21/2017 6:00,7.02,31.8,9.57,96.6,0.4,257.7,98.92,12.92,8.1,-58.8
AZ,SC,2/21/2017 6:15,6.94,32.21,9.59,96.8,0.39,258,96.76,12.85,8.1,-58.9
AZ,SC,2/21/2017 6:30,6.82,32.26,9.61,96.8,0.4,258.3,90.16,12.78,8.1,-58.9
AZ,SC,2/21/2017 6:45,6.96,29.52,9.61,96.7,0.4,258.9,95.13,12.71,8.1,-58.9
AZ,SC,2/21/2017 7:00,7.02,32.4,9.63,96.6,0.4,259.2,112.4,12.64,8.1,-58.9
AZ,SC,2/21/2017 7:15,6.94,32.04,9.65,96.7,0.4,259.5,101.4,12.58,8.1,-58.9
AZ,SC,2/21/2017 7:30,6.89,32.3,9.66,96.8,0.41,259.9,92.69,12.52,8.1,-58.8
AZ,SC,2/21/2017 7:45,7.04,32.6,9.67,96.7,0.4,260.4,93.44,12.47,8.1,-58.9
AZ,SC,2/21/2017 8:00,6.94,32.57,9.68,96.7,0.4,260.7,89.86,12.42,8.1,-59
AZ,SC,2/21/2017 8:15,6.96,27.59,9.68,96.7,0.4,261.3,87.19,12.38,8.1,-58.8
AZ,SC,2/21/2017 8:30,6.94,2.68,9.71,96.8,0.4,261.3,91.34,12.34,8.11,-59.1
AZ,SC,2/21/2017 8:45,6.96,32.78,9.7,96.6,0.4,261.8,89.07,12.3,8.1,-58.9
AZ,SC,2/21/2017 9:00,6.96,32.68,9.71,96.7,0.4,261.9,89.16,12.27,8.11,-59.1
AZ,SC,2/21/2017 9:15,6.82,32.82,9.72,96.7,0.4,262.5,88.16,12.24,8.1,-58.9
AZ,SC,2/21/2017 9:30,6.87,32.72,9.73,96.7,0.4,262.8,101.4,12.2,8.11,-59.1
AZ,SC,2/21/2017 9:45,6.99,29.74,9.73,96.7,0.4,263.2,102.1,12.17,8.11,-59.3
AZ,SC,2/21/2017 10:00,6.89,32.77,9.74,96.7,0.4,263.6,88.37,12.12,8.11,-59.1
AZ,SC,2/21/2017 10:15,6.94,6.62,9.76,96.7,0.39,263.7,88.12,12.07,8.11,-59.3
AZ,SC,2/21/2017 10:30,6.97,22.88,9.77,96.7,0.39,264.2,86.35,12.03,8.1,-59
AZ,SC,2/21/2017 10:45,6.94,29.88,9.78,96.7,0.39,264.3,83.09,11.97,8.11,-59
AZ,SC,2/21/2017 11:00,7.01,13.14,9.79,96.6,0.39,264.6,86.55,11.91,8.11,-59.1
AZ,SC,2/21/2017 11:15,6.96,2.31,9.8,96.7,0.39,265.2,83.1,11.87,8.11,-59
AZ,SC,2/21/2017 11:30,6.92,3.13,9.81,96.6,0.39,265.3,86.55,11.82,8.11,-59
AZ,SC,2/21/2017 11:45,6.99,4.18,9.81,96.6,0.39,265.9,83.88,11.79,8.1,-58.7
AZ,SC,2/21/2017 12:00,6.99,1.55,9.83,96.7,0.39,266.2,84.95,11.74,8.1,-58.8
AZ,SC,2/21/2017 12:15,7.01,3.56,9.83,96.6,0.38,266.4,84.55,11.69,8.11,-58.9
AZ,SC,2/21/2017 12:30,6.96,1.64,9.85,96.6,0.39,266.6,1.24,11.65,8.11,-59
AZ,SC,2/21/2017 12:45,6.81,2.68,9.86,96.6,0.38,266.6,93.28,11.6,8.11,-58.9
AZ,SC,2/21/2017 13:00,6.92,32.13,9.86,96.6,0.38,267,103.1,11.55,8.11,-58.9
AZ,SC,2/21/2017 13:15,7.01,27.92,9.87,96.6,0.39,267.5,77.13,11.51,8.1,-58.6
AZ,SC,2/21/2017 13:30,6.96,33.41,9.89,96.6,0.38,268,78.37,11.46,8.1,-58.6
AZ,SC,2/21/2017 13:45,6.92,32.57,9.89,96.6,0.38,268.4,76.77,11.41,8.1,-58.4
AZ,SC,2/21/2017 14:00,6.99,32.64,9.91,96.6,0.38,268.6,86.71,11.36,8.1,-58.4
AZ,SC,2/21/2017 14:15,7.01,7.53,9.93,96.7,0.39,268.7,76.9,11.3,8.1,-58.4
AZ,SC,2/21/2017 14:30,6.92,3.52,9.94,96.7,0.38,268.8,77.27,11.23,8.1,-58.4
AZ,SC,2/21/2017 14:45,6.96,30.53,9.95,96.7,0.39,269.2,96.25,11.18,8.1,-58.3
AZ,SC,2/21/2017 15:00,6.92,27.05,9.97,96.7,0.39,269.4,75.67,11.11,8.1,-58.5
AZ,SC,2/21/2017 15:15,6.97,31.89,9.99,96.7,0.38,269.6,77.85,11.05,8.1,-58.4
AZ,SC,2/21/2017 15:30,6.94,0.3,10,96.7,0.39,269.5,84.93,10.99,8.1,-58.5
AZ,SC,2/21/2017 15:45,7.02,1.24,10.02,96.8,0.39,270.1,82.09,10.95,8.1,-58.5
AZ,SC,2/21/2017 16:00,6.91,24.58,10.03,96.8,0.39,270.3,79.74,10.89,8.1,-58.4
AZ,SC,2/21/2017 16:15,6.94,19.31,10.04,96.8,0.39,270.2,79.92,10.84,8.1,-58.6
AZ,SC,2/21/2017 16:30,6.96,6.36,10.05,96.7,0.39,270.8,77.55,10.8,8.1,-58.4
AZ,SC,2/21/2017 16:45,6.79,0.42,10.07,96.8,0.39,270.5,76.43,10.75,8.1,-58.7
AZ,SC,2/21/2017 17:00,6.96,13.03,10.08,96.9,0.39,271.2,73.92,10.74,8.1,-58.4
AZ,SC,2/21/2017 17:15,6.82,3.2,10.11,97.1,0.39,271.1,74.47,10.74,8.1,-58.6
AZ,SC,2/21/2017 17:30,6.99,27.63,10.11,97.3,0.39,271.4,75.57,10.8,8.11,-59.1
AZ,SC,2/21/2017 17:45,6.89,6.33,10.12,97.7,0.4,271.4,71.18,10.9,8.12,-59.6
AZ,SC,2/21/2017 18:00,6.79,17.6,10.12,98,0.39,271.8,72.29,11.06,8.13,-60.3
AZ,SC,2/21/2017 18:15,6.94,13.71,10.1,98.3,0.4,271.9,75.74,11.25,8.14,-61
AZ,SC,2/21/2017 18:30,6.94,31.85,10.08,98.6,0.4,272.3,71.18,11.47,8.16,-61.7
AZ,SC,2/21/2017 18:45,6.92,32.74,10.04,98.7,0.4,272.7,74.62,11.72,8.17,-62.3
AZ,SC,2/21/2017 19:00,6.86,32.84,10.01,99,0.39,272.5,71.58,11.98,8.18,-63.1
AZ,SC,2/21/2017 19:15,7.01,31.72,9.97,99.3,0.39,272.9,69.69,12.29,8.19,-63.7
AZ,SC,2/21/2017 19:30,6.97,29.78,9.92,99.6,0.4,273,68.69,12.61,8.2,-64.3
AZ,SC,2/21/2017 19:45,7.01,30.79,9.87,99.8,0.39,272.9,70.76,12.94,8.21,-65
AZ,SC,2/21/2017 20:00,6.89,31.55,9.81,100,0.4,273.7,67.61,13.31,8.21,-65.2
AZ,SC,2/21/2017 20:15,6.96,31.48,9.75,100.2,0.39,273.4,67.72,13.67,8.22,-65.7
AZ,SC,2/21/2017 20:30,6.97,31.36,9.69,100.3,0.39,274.2,63.85,14.04,8.22,-65.8
AZ,SC,2/21/2017 20:45,6.99,31.01,9.62,100.4,0.39,274.4,64.86,14.41,8.23,-66.2
AZ,SC,2/21/2017 21:00,7.01,30.7,9.56,100.6,0.39,274.6,63.33,14.76,8.23,-66.5
AZ,SC,2/21/2017 21:15,6.97,30.48,9.49,100.6,0.39,275.1,65.07,15.12,8.23,-66.7
AZ,SC,2/21/2017 21:30,7.02,30.24,9.42,100.6,0.38,275.5,63.67,15.47,8.24,-67.1
AZ,SC,2/21/2017 21:45,7.07,1.79,9.34,100.6,0.38,276,67.02,15.8,8.24,-67.5
AZ,SC,2/21/2017 22:00,7.02,29.9,9.28,100.6,0.38,276.1,60.76,16.12,8.24,-67.6
AZ,SC,2/21/2017 22:15,7.06,29.38,9.23,100.6,0.38,276.3,73.29,16.4,8.25,-67.9
AZ,SC,2/21/2017 22:30,6.96,29.73,9.17,100.5,0.37,277.1,121.5,16.68,8.24,-67.7
AZ,SC,2/21/2017 22:45,7.14,29.39,9.11,100.4,0.36,277.3,70.44,16.91,8.24,-67.8
AZ,SC,2/21/2017 23:00,7.09,29.06,9.07,100.3,0.37,277.6,59.37,17.11,8.25,-67.9
AZ,SC,2/21/2017 23:15,7.09,29.14,9.03,100.2,0.36,277.9,59.4,17.27,8.25,-68.1
AZ,SC,2/21/2017 23:30,7.06,28.78,8.98,100,0.36,278.3,58.79,17.41,8.25,-68.2
AZ,SC,2/21/2017 23:45,7.16,28.76,8.96,99.9,0.35,278.4,60.46,17.5,8.25,-68.2
AZ,SC,2/22/2017 0:00,7.11,15.03,8.92,99.7,0.35,278.8,61.42,17.57,8.24,-68
AZ,SC,2/22/2017 0:15,7.16,28.76,8.91,99.6,0.35,279,58.47,17.59,8.24,-67.8
AZ,SC,2/22/2017 0:30,7.07,28.81,8.89,99.3,0.35,279.4,59.77,17.56,8.24,-67.6
AZ,SC,2/22/2017 0:45,7.21,29.12,8.89,99.1,0.34,279.9,58.06,17.47,8.22,-66.8
AZ,SC,2/22/2017 1:00,7.12,28.87,8.9,98.8,0.34,279.1,59.17,17.3,8.22,-66.5
AZ,SC,2/22/2017 1:15,7.09,28.74,8.89,98.4,0.34,280,60.4,17.14,8.2,-65.6
AZ,SC,2/22/2017 1:30,7.21,28.29,8.91,98.3,0.34,279.6,57.12,16.94,8.19,-64.9
AZ,SC,2/22/2017 1:45,7.22,29.63,8.91,97.7,0.34,279.5,61.06,16.72,8.18,-64.4
AZ,SC,2/22/2017 2:00,7.09,29.89,8.92,97.4,0.34,280.4,60.41,16.5,8.17,-63.4
AZ,SC,2/22/2017 2:15,7.16,30,8.94,97.1,0.33,280.1,59.04,16.24,8.16,-63.1
AZ,SC,2/22/2017 2:30,7.16,30.01,8.95,96.6,0.33,280.2,60.77,15.95,8.15,-62.2
AZ,SC,2/22/2017 2:45,7.09,29.9,8.96,96.2,0.33,280.8,58.84,15.69,8.13,-61.4
AZ,SC,2/22/2017 3:00,7.22,27.06,9,96.1,0.33,280.3,62.8,15.47,8.14,-61.5
AZ,SC,2/22/2017 3:15,7.12,28.08,9.01,95.9,0.33,281,62.33,15.28,8.12,-60.6
AZ,SC,2/22/2017 3:30,7.16,0.78,9.04,95.8,0.33,280.8,61.57,15.1,8.11,-60.1
AZ,SC,2/22/2017 3:45,7.16,29.31,9.05,95.6,0.33,281,60.58,14.93,8.11,-59.7
AZ,SC,2/22/2017 4:00,7.17,14.22,9.08,95.5,0.33,281.1,60.26,14.77,8.1,-59.3
AZ,SC,2/22/2017 4:15,7.22,27.98,9.1,95.5,0.33,281.9,60.72,14.64,8.09,-58.7
AZ,SC,2/22/2017 4:30,7.07,31.23,9.12,95.4,0.33,281.4,60.77,14.5,8.09,-58.9
AZ,SC,2/22/2017 4:45,7.17,31.32,9.15,95.5,0.33,282.1,62.49,14.39,8.08,-58.4
AZ,SC,2/22/2017 5:00,7.07,31.2,9.16,95.4,0.33,282.3,58.72,14.26,8.08,-58.3
AZ,SC,2/22/2017 5:15,7.11,31.32,9.18,95.4,0.33,282.5,61.88,14.15,8.08,-57.9
AZ,SC,2/22/2017 5:30,7.06,31.44,9.21,95.4,0.33,281.8,58.28,14.03,8.08,-58.2
AZ,SC,2/22/2017 5:45,7.19,31.61,9.23,95.4,0.33,282,62.49,13.92,8.09,-58.4
AZ,SC,2/22/2017 6:00,7.11,31.44,9.26,95.5,0.33,282.6,61.44,13.83,8.08,-58.1
AZ,SC,2/22/2017 6:15,7.07,29.96,9.28,95.4,0.32,282.3,63.46,13.73,8.09,-58.3
AZ,SC,2/22/2017 6:30,7.12,31.57,9.29,95.4,0.32,283,63.09,13.65,8.08,-58.1
AZ,SC,2/22/2017 6:45,7.12,18.45,9.31,95.4,0.32,283,62.14,13.57,8.09,-58.3
AZ,SC,2/22/2017 7:00,7.09,25.68,9.32,95.4,0.32,283.3,61.11,13.5,8.09,-58.4
AZ,SC,2/22/2017 7:15,7.07,30.68,9.33,95.4,0.32,283.2,63.07,13.43,8.09,-58.5
AZ,SC,2/22/2017 7:30,7.21,31.85,9.35,95.4,0.32,283.2,62.84,13.37,8.1,-58.8
AZ,SC,2/22/2017 7:45,7.07,31.91,9.35,95.3,0.32,283.7,62.22,13.33,8.09,-58.7
AZ,SC,2/22/2017 8:00,7.02,31.87,9.35,95.3,0.32,284.1,64.9,13.29,8.09,-58.5
AZ,SC,2/22/2017 8:15,7.14,30.71,9.36,95.3,0.31,284.1,61.36,13.26,8.1,-58.7
AZ,SC,2/22/2017 8:30,7.07,31.82,9.37,95.4,0.31,284.3,61.04,13.23,8.09,-58.6
AZ,SC,2/22/2017 8:45,7.09,20.1,9.37,95.3,0.31,284.5,60.52,13.2,8.1,-58.8
AZ,SC,2/22/2017 9:00,7.07,26.1,9.37,95.2,0.31,284.3,60.4,13.18,8.1,-58.8
AZ,SC,2/22/2017 9:15,7.14,28.34,9.36,95.1,0.31,285,61.12,13.16,8.09,-58.6
AZ,SC,2/22/2017 9:30,7.09,31.02,9.37,95.1,0.31,284.8,60.67,13.14,8.1,-58.9
AZ,SC,2/22/2017 9:45,7.09,31.15,9.37,95.1,0.31,285,59.93,13.13,8.1,-58.7
AZ,SC,2/22/2017 10:00,7.14,31.33,9.37,95,0.31,285.3,62.36,13.11,8.1,-58.7
AZ,SC,2/22/2017 10:15,7.06,30.59,9.37,95.1,0.3,285.4,59.97,13.08,8.09,-58.6
AZ,SC,2/22/2017 10:30,7.02,25.02,9.38,95,0.31,285.7,60.87,13.05,8.09,-58.5
AZ,SC,2/22/2017 10:45,7.06,27.32,9.38,95,0.3,286,59.91,13.02,8.09,-58.3
AZ,SC,2/22/2017 11:00,7.02,27.29,9.38,95,0.3,286.2,60.64,13,8.09,-58.4
AZ,SC,2/22/2017 11:15,7.06,27.41,9.38,94.9,0.3,286,61.39,12.97,8.09,-58.5
AZ,SC,2/22/2017 11:30,7.06,19.9,9.39,94.9,0.3,286.5,60.96,12.95,8.09,-58.4
AZ,SC,2/22/2017 11:45,7.04,23.35,9.41,95,0.29,286.3,65.63,12.91,8.09,-58.5
AZ,SC,2/22/2017 12:00,7.07,29.11,9.4,94.9,0.3,286.8,58.25,12.89,8.09,-58.4
AZ,SC,2/22/2017 12:15,7.06,23.78,9.4,94.8,0.29,287.2,58.23,12.86,8.09,-58.2
AZ,SC,2/22/2017 12:30,6.94,11.48,9.42,94.9,0.29,287.2,59.43,12.82,8.09,-58.3
AZ,SC,2/22/2017 12:45,7.16,15.33,9.42,94.9,0.29,287.2,62.88,12.78,8.09,-58.4
AZ,SC,2/22/2017 13:00,7.07,16.7,9.42,94.8,0.29,287.6,62.12,12.74,8.09,-58.2
AZ,SC,2/22/2017 13:15,7.04,13.07,9.44,94.9,0.28,287.7,59.24,12.7,8.09,-58.1
AZ,SC,2/22/2017 13:30,7.02,14.61,9.45,94.9,0.29,288,60.59,12.66,8.09,-58.1
AZ,SC,2/22/2017 13:45,7.09,12.72,9.45,94.8,0.28,288,59.7,12.61,8.09,-58.1
AZ,SC,2/22/2017 14:00,7.12,30.42,9.46,94.8,0.28,288,59.26,12.56,8.09,-58.2
AZ,SC,2/22/2017 14:15,6.99,28.95,9.48,94.9,0.28,288.1,60.03,12.51,8.09,-58.1
AZ,SC,2/22/2017 14:30,7.02,8.1,9.49,94.9,0.28,288.2,59.83,12.46,8.09,-58.3
AZ,SC,2/22/2017 14:45,7.06,4.73,9.49,94.8,0.28,288.6,60.04,12.42,8.09,-58
AZ,SC,2/22/2017 15:00,6.96,3.41,9.5,94.9,0.28,288.8,47.66,12.38,8.09,-58
AZ,SC,2/22/2017 15:15,7.02,9.88,9.51,94.8,0.28,289,61.41,12.35,8.08,-57.9
AZ,SC,2/22/2017 15:30,7.09,1.37,9.51,94.8,0.28,289,61.58,12.31,8.09,-58.1
AZ,SC,2/22/2017 15:45,7.06,7.07,9.53,94.9,0.28,289.5,59.82,12.28,8.08,-57.8
AZ,SC,2/22/2017 16:00,6.99,10.93,9.53,94.9,0.28,289.7,59.81,12.25,8.08,-57.8
AZ,SC,2/22/2017 16:15,7.02,1.56,9.53,94.8,0.28,290,57.05,12.22,8.08,-57.8
AZ,SC,2/22/2017 16:30,7.09,8.89,9.55,95,0.28,289.7,57.66,12.19,8.09,-58
AZ,SC,2/22/2017 16:45,7.04,0.89,9.57,95.1,0.28,289.9,58.35,12.19,8.09,-58.1
AZ,SC,2/22/2017 17:00,6.99,1.07,9.59,95.4,0.28,290.4,57.25,12.21,8.09,-58.2
AZ,SC,2/22/2017 17:15,7.04,1.22,9.61,95.7,0.28,290.1,60.09,12.27,8.1,-58.9
AZ,SC,2/22/2017 17:30,7.09,9.36,9.63,96.1,0.28,290.2,57.78,12.37,8.11,-59.5
AZ,SC,2/22/2017 17:45,7.04,4.11,9.62,96.3,0.28,290.5,58.38,12.49,8.13,-60.5
AZ,SC,2/22/2017 18:00,6.99,2.84,9.64,96.7,0.28,290.4,56.83,12.63,8.15,-61.6
AZ,SC,2/22/2017 18:15,6.97,13.88,9.62,97,0.28,290.6,44.14,12.82,8.17,-62.5
AZ,SC,2/22/2017 18:30,7.06,17.63,9.61,97.2,0.28,290.7,56.41,12.98,8.18,-63.4
AZ,SC,2/22/2017 18:45,7.06,6.23,9.58,97.2,0.28,291.1,56.47,13.11,8.19,-63.7
AZ,SC,2/22/2017 19:00,6.99,7.49,9.57,97.5,0.29,291.1,55.96,13.31,8.2,-64.3
AZ,SC,2/22/2017 19:15,7.14,16.74,9.55,98,0.28,291.6,56.69,13.62,8.21,-65
AZ,SC,2/22/2017 19:30,7.02,7.27,9.51,98.4,0.28,291.7,56.59,14.01,8.22,-65.8
AZ,SC,2/22/2017 19:45,7.09,8.81,9.46,98.7,0.28,292.2,53.83,14.37,8.23,-66.4
AZ,SC,2/22/2017 20:00,6.99,7.82,9.42,98.9,0.29,292.2,40.63,14.65,8.23,-66.7
AZ,SC,2/22/2017 20:15,7.07,18.33,9.37,99.1,0.28,292.5,55.5,15.01,8.24,-67.3
AZ,SC,2/22/2017 20:30,7.06,18.96,9.32,99.5,0.28,292.9,38.16,15.46,8.25,-67.9
AZ,SC,2/22/2017 20:45,7.06,19.03,9.24,99.7,0.28,293.6,57.5,15.93,8.26,-68.2
AZ,SC,2/22/2017 21:00,7.16,18.7,9.18,99.9,0.27,294.1,52.58,16.33,8.26,-68.5
AZ,SC,2/22/2017 21:15,7.01,18.51,9.1,99.8,0.27,294.3,34.95,16.69,8.26,-68.9
AZ,SC,2/22/2017 21:30,7.12,15.66,9.06,99.9,0.27,294.6,50.3,16.94,8.26,-68.9
AZ,SC,2/22/2017 21:45,7.14,17.85,9,99.8,0.26,294.5,51.79,17.25,8.27,-69.5
AZ,SC,2/22/2017 22:00,7.14,3.71,8.94,99.9,0.26,295.4,50.6,17.58,8.28,-69.7
AZ,SC,2/22/2017 22:15,7.09,12.29,8.88,99.5,0.25,295,49.46,17.69,8.28,-69.8
AZ,SC,2/22/2017 22:30,7.14,6.88,8.85,99.2,0.25,295.4,33.51,17.75,8.27,-69.5
AZ,SC,2/22/2017 22:45,7.12,3.31,8.83,99.2,0.25,296,49.87,17.88,8.27,-69.6
AZ,SC,2/22/2017 23:00,7.12,3.49,8.8,99.2,0.24,296.4,33.9,17.96,8.28,-69.8
AZ,SC,2/22/2017 23:15,7.19,1.74,8.77,98.9,0.24,296.2,34.34,18.03,8.28,-69.9
AZ,SC,2/22/2017 23:30,7.22,1.64,8.76,98.6,0.23,296.4,49.67,17.96,8.27,-69.3
AZ,SC,2/22/2017 23:45,7.09,1.22,8.76,98.7,0.23,296.7,50.24,17.99,8.26,-69
AZ,SC,2/23/2017 0:00,7.14,1.07,8.75,98.6,0.23,296.9,50.12,17.98,8.26,-69.1
AZ,SC,2/23/2017 0:15,7.21,0.85,8.74,98.2,0.23,297.3,33.01,17.87,8.25,-68.6
AZ,SC,2/23/2017 0:30,7.07,2.68,8.72,97.7,0.22,297.2,48.1,17.69,8.24,-67.9
AZ,SC,2/23/2017 0:45,7.07,3.44,8.72,97.2,0.22,297.3,48.55,17.48,8.23,-66.9
AZ,SC,2/23/2017 1:00,7.12,1.59,8.73,96.9,0.22,298.1,48.18,17.3,8.22,-66.4
AZ,SC,2/23/2017 1:15,7.14,0.51,8.73,96.5,0.21,297.2,51.49,17.08,8.21,-66
AZ,SC,2/23/2017 1:30,7.19,2.45,8.74,96.2,0.21,297.6,48.8,16.89,8.2,-65.3
AZ,SC,2/23/2017 1:45,7.02,3.07,8.74,95.9,0.21,297.6,49.74,16.71,8.19,-64.8
AZ,SC,2/23/2017 2:00,7.14,3.12,8.74,95.5,0.2,297.9,33.29,16.54,8.18,-64.2
AZ,SC,2/23/2017 2:15,7.11,8.65,8.74,95.2,0.2,297.9,34.28,16.38,8.17,-63.5
AZ,SC,2/23/2017 2:30,7.19,4.95,8.73,94.8,0.2,298.3,52.71,16.22,8.16,-62.8
AZ,SC,2/23/2017 2:45,7.17,2.01,8.73,94.5,0.2,298.2,32.99,16.06,8.15,-62.3
AZ,SC,2/23/2017 3:00,7.16,1.58,8.74,94.3,0.2,298.3,52.63,15.92,8.14,-61.8
AZ,SC,2/23/2017 3:15,7.22,0.64,8.76,94.2,0.2,298.6,50.98,15.77,8.13,-61.3
AZ,SC,2/23/2017 3:30,7.12,0.4,8.76,93.9,0.19,298.7,51.46,15.63,8.12,-60.7
AZ,SC,2/23/2017 3:45,7.21,0.38,8.77,93.8,0.19,299.1,51.6,15.48,8.12,-60.4
AZ,SC,2/23/2017 4:00,7.04,0.33,8.8,93.7,0.19,298.9,54.32,15.34,8.11,-60.2
AZ,SC,2/23/2017 4:15,7.16,0.3,8.81,93.7,0.19,299,54.13,15.2,8.11,-60
AZ,SC,2/23/2017 4:30,7.12,0.4,8.83,93.6,0.19,299,34.42,15.07,8.11,-59.8
AZ,SC,2/23/2017 4:45,7.11,1.1,8.85,93.5,0.19,299.5,52.54,14.96,8.1,-59.4
AZ,SC,2/23/2017 5:00,7.12,8.24,8.88,93.6,0.19,299.7,54.35,14.85,8.1,-59.3
AZ,SC,2/23/2017 5:15,7.12,10.92,8.9,93.6,0.19,299.6,52.32,14.74,8.1,-59.1
AZ,SC,2/23/2017 5:30,7.12,4.4,8.91,93.5,0.19,299.8,54.16,14.64,8.09,-59
AZ,SC,2/23/2017 5:45,7.11,3.43,8.93,93.6,0.19,299.7,54.67,14.55,8.09,-58.9
AZ,SC,2/23/2017 6:00,7.04,9.27,8.95,93.6,0.18,299.7,54.06,14.45,8.09,-58.8
AZ,SC,2/23/2017 6:15,7.09,16.86,8.97,93.5,0.18,300.2,54.94,14.37,8.09,-58.6
AZ,SC,2/23/2017 6:30,7.12,18.26,8.98,93.6,0.18,300.3,54.01,14.29,8.09,-58.5
AZ,SC,2/23/2017 6:45,7.14,10.21,9,93.5,0.18,300.3,54.7,14.21,8.09,-58.6
AZ,SC,2/23/2017 7:00,7.11,12.5,9,93.4,0.18,300.5,54.4,14.1,8.09,-58.3
AZ,SC,2/23/2017 7:15,7.12,8.31,9.03,93.4,0.18,300.7,55.76,13.98,8.08,-58.3
AZ,SC,2/23/2017 7:30,7.02,11.08,9.05,93.4,0.17,300.8,55.95,13.86,8.08,-58.2
AZ,SC,2/23/2017 7:45,7.06,11.12,9.07,93.3,0.17,300.8,54.91,13.74,8.08,-58.2
AZ,SC,2/23/2017 8:00,7.16,12,9.1,93.3,0.17,300.8,56.23,13.61,8.08,-58.2
AZ,SC,2/23/2017 8:15,7.12,12.78,9.12,93.3,0.17,301,56.81,13.49,8.09,-58.2
AZ,SC,2/23/2017 8:30,7.07,17.23,9.14,93.3,0.16,301.1,53.68,13.38,8.09,-58.2
AZ,SC,2/23/2017 8:45,7.06,10.76,9.16,93.3,0.17,301.1,54.25,13.27,8.09,-58.2
AZ,SC,2/23/2017 9:00,7.06,12.73,9.18,93.3,0.17,301.1,30.79,13.16,8.09,-58.3
AZ,SC,2/23/2017 9:15,6.92,7.12,9.2,93.3,0.17,301.5,29.59,13.08,8.09,-58.2
AZ,SC,2/23/2017 9:30,7.12,8.39,9.22,93.3,0.17,301.4,55.39,12.99,8.09,-58.3
AZ,SC,2/23/2017 9:45,7.02,7.65,9.24,93.3,0.17,301.6,55.15,12.91,8.09,-58.3
AZ,SC,2/23/2017 10:00,6.96,13.3,9.25,93.3,0.17,301.7,56.18,12.84,8.09,-58.5
AZ,SC,2/23/2017 10:15,7.04,13.44,9.27,93.4,0.17,301.7,58.09,12.79,8.1,-58.8
AZ,SC,2/23/2017 10:30,7.09,13.25,9.29,93.4,0.17,301.7,57.32,12.73,8.1,-59
AZ,SC,2/23/2017 10:45,7.04,13.46,9.3,93.4,0.18,301.9,56.5,12.67,8.1,-59.1
AZ,SC,2/23/2017 11:00,7.07,13.98,9.31,93.4,0.18,302,59.08,12.62,8.11,-59.2
AZ,SC,2/23/2017 11:15,7.12,13.9,9.33,93.5,0.18,302.4,59.29,12.57,8.1,-59
AZ,SC,2/23/2017 11:30,6.96,13.87,9.34,93.5,0.18,302.3,56.59,12.53,8.11,-59.2
AZ,SC,2/23/2017 11:45,7.06,13.79,9.35,93.5,0.18,302.1,55.47,12.47,8.11,-59.3
AZ,SC,2/23/2017 12:00,7.02,13.81,9.36,93.5,0.18,302.3,58.61,12.42,8.11,-59.2
AZ,SC,2/23/2017 12:15,7.04,13.85,9.37,93.6,0.18,302.7,55.29,12.38,8.11,-59.1
AZ,SC,2/23/2017 12:30,7.04,13.88,9.38,93.5,0.18,302.9,60.65,12.32,8.1,-58.9
AZ,SC,2/23/2017 12:45,6.96,13.89,9.4,93.5,0.18,302.8,68.51,12.25,8.1,-59
AZ,SC,2/23/2017 13:00,7.07,13.93,9.42,93.5,0.18,302.8,59.68,12.16,8.11,-59.1
AZ,SC,2/23/2017 13:15,7.06,13.93,9.43,93.5,0.19,302.9,57,12.08,8.11,-59.2
AZ,SC,2/23/2017 13:30,7.01,14.8,9.45,93.6,0.18,302.8,60.01,12.02,8.11,-59.4
AZ,SC,2/23/2017 13:45,7.09,15.82,9.46,93.6,0.19,303.3,62.33,11.97,8.11,-59.2
AZ,SC,2/23/2017 14:00,7.04,15.95,9.48,93.6,0.19,303.1,59.02,11.89,8.11,-59.4
AZ,SC,2/23/2017 14:15,6.96,15.16,9.5,93.6,0.19,303.3,58.72,11.82,8.11,-59.5
AZ,SC,2/23/2017 14:30,6.99,15.24,9.53,93.8,0.19,303.4,58.51,11.75,8.11,-59.4
AZ,SC,2/23/2017 14:45,7.07,15.29,9.54,93.7,0.19,303.7,61.22,11.68,8.11,-59.3
AZ,SC,2/23/2017 15:00,7.01,15.33,9.55,93.7,0.2,303.7,60.66,11.6,8.11,-59.3
AZ,SC,2/23/2017 15:15,7.02,15.26,9.58,93.8,0.19,303.7,59.16,11.53,8.11,-59.3
AZ,SC,2/23/2017 15:30,7.01,15.29,9.59,93.7,0.2,303.9,63.79,11.45,8.11,-59.3
AZ,SC,2/23/2017 15:45,6.99,15.32,9.61,93.7,0.2,304.1,66.16,11.36,8.11,-59.4
AZ,SC,2/23/2017 16:00,6.99,15.28,9.64,93.8,0.2,304.1,69.23,11.29,8.12,-59.4
AZ,SC,2/23/2017 16:15,6.96,14.01,9.65,93.8,0.2,304.3,71.9,11.22,8.11,-59.3
AZ,SC,2/23/2017 16:30,7.06,14.02,9.68,94,0.2,304,61.68,11.14,8.12,-59.6
AZ,SC,2/23/2017 16:45,6.97,13.92,9.72,94.1,0.2,304.2,60.93,11.08,8.12,-59.7
AZ,SC,2/23/2017 17:00,6.97,13.93,9.74,94.3,0.2,304.7,58.23,11.06,8.12,-59.6
AZ,SC,2/23/2017 17:15,6.91,14.06,9.77,94.6,0.2,304.7,63.8,11.06,8.13,-59.9
AZ,SC,2/23/2017 17:30,6.97,14.15,9.79,95,0.2,304.9,62.82,11.11,8.13,-60.2
AZ,SC,2/23/2017 17:45,6.99,14.07,9.82,95.4,0.2,304.8,61.43,11.19,8.14,-60.8
AZ,SC,2/23/2017 18:00,6.96,14.07,9.83,95.8,0.2,304.9,63.62,11.34,8.15,-61.4
AZ,SC,2/23/2017 18:15,6.97,13.96,9.84,96.3,0.21,305.3,69.49,11.5,8.17,-62.2
AZ,SC,2/23/2017 18:30,7.01,13.78,9.84,96.7,0.21,305.3,63.88,11.7,8.18,-63.2
AZ,SC,2/23/2017 18:45,6.92,13.64,9.82,97,0.21,305.3,61.9,11.92,8.2,-64.2
AZ,SC,2/23/2017 19:00,7.04,13.43,9.79,97.2,0.21,305.6,64.65,12.16,8.22,-65.1
AZ,SC,2/23/2017 19:15,7.01,13.28,9.77,97.7,0.21,305.9,77.73,12.44,8.23,-66
AZ,SC,2/23/2017 19:30,7.01,13.09,9.74,98,0.22,306.1,64.65,12.74,8.24,-66.6
AZ,SC,2/23/2017 19:45,6.99,12.88,9.7,98.4,0.22,306.5,67.43,13.06,8.25,-67.3
AZ,SC,2/23/2017 20:00,6.99,12.75,9.66,98.6,0.22,306.8,94.19,13.37,8.26,-67.8
AZ,SC,2/23/2017 20:15,6.99,12.63,9.61,98.7,0.22,306.8,95.97,13.66,8.27,-68.4
AZ,SC,2/23/2017 20:30,7.02,12.45,9.57,98.9,0.22,307.2,63.01,13.96,8.28,-68.8
AZ,SC,2/23/2017 20:45,7.06,12.3,9.51,99,0.22,307.5,72,14.27,8.28,-69.2
AZ,SC,2/23/2017 21:00,7.06,12.18,9.47,99.2,0.22,307.9,70.27,14.59,8.29,-69.6
AZ,SC,2/23/2017 21:15,7.06,12.01,9.41,99.3,0.22,308.4,65.77,14.89,8.29,-69.9
AZ,SC,2/23/2017 21:30,7.07,11.83,9.36,99.3,0.22,308.2,64.69,15.16,8.3,-70.2
AZ,SC,2/23/2017 21:45,7.07,11.76,9.31,99.4,0.21,308.8,66.08,15.43,8.3,-70.4
AZ,SC,2/23/2017 22:00,7.01,11.69,9.27,99.5,0.21,309,61.09,15.66,8.3,-70.7
AZ,SC,2/23/2017 22:15,7.02,11.62,9.22,99.4,0.21,309.2,61.59,15.87,8.31,-71
AZ,SC,2/23/2017 22:30,7.14,11.55,9.18,99.3,0.2,309.7,67.53,16.06,8.31,-71.1
AZ,SC,2/23/2017 22:45,7.04,11.4,9.14,99.3,0.21,309.9,61.08,16.25,8.31,-71.3
AZ,SC,2/23/2017 23:00,7.06,11.37,9.1,99.2,0.2,310.4,18.79,16.41,8.31,-71.6
AZ,SC,2/23/2017 23:15,6.92,11.24,9.07,99.1,0.2,310.4,19.91,16.5,8.31,-71.4
AZ,SC,2/23/2017 23:30,7.06,11.14,9.03,98.9,0.19,310.7,72.91,16.59,8.31,-71.3
AZ,SC,2/23/2017 23:45,7.09,11.15,9.03,98.9,0.2,310.8,61.32,16.59,8.31,-71.5
AZ,SC,2/24/2017 0:00,7.09,11.01,9.02,98.6,0.2,310.9,65.38,16.58,8.31,-71.1
AZ,SC,2/24/2017 0:15,7.11,11.08,9.01,98.5,0.2,311.2,18.74,16.51,8.3,-70.9
AZ,SC,2/24/2017 0:30,7.17,11.07,9.01,98.3,0.19,311.5,72.13,16.41,8.29,-70.3
AZ,SC,2/24/2017 0:45,7.09,11.07,9.02,98,0.19,311.5,17.85,16.27,8.28,-69.9
AZ,SC,2/24/2017 1:00,7.07,11.12,9.02,97.7,0.19,311.8,82.52,16.09,8.27,-69.2
AZ,SC,2/24/2017 1:15,7.07,11.1,9.05,97.4,0.19,311.7,71.96,15.84,8.26,-68.6
AZ,SC,2/24/2017 1:30,7.16,11.12,9.05,96.9,0.19,311.9,61.47,15.55,8.25,-67.9
AZ,SC,2/24/2017 1:45,7.14,11.25,9.07,96.4,0.19,312,61.2,15.23,8.24,-67.3
AZ,SC,2/24/2017 2:00,7.12,11.24,9.1,96.1,0.19,311.9,65.36,14.93,8.23,-66.7
AZ,SC,2/24/2017 2:15,6.91,11.33,9.11,95.6,0.19,312.1,19.17,14.63,8.22,-66.1
AZ,SC,2/24/2017 2:30,7.09,11.36,9.15,95.3,0.19,312.4,65.38,14.28,8.21,-65.2
AZ,SC,2/24/2017 2:45,7.04,11.45,9.17,94.6,0.19,312.3,65.16,13.85,8.2,-64.4
AZ,SC,2/24/2017 3:00,7.07,11.5,9.21,94.3,0.19,312.4,64.91,13.5,8.18,-63.7
AZ,SC,2/24/2017 3:15,7.07,11.56,9.25,94.2,0.19,312.5,65.76,13.28,8.18,-63.1
AZ,SC,2/24/2017 3:30,7.09,11.64,9.27,93.9,0.19,312.7,64.96,13.04,8.17,-62.5
AZ,SC,2/24/2017 3:45,6.92,11.67,9.29,93.7,0.19,312.8,63.75,12.84,8.15,-61.9
AZ,SC,2/24/2017 4:00,7.01,11.7,9.32,93.7,0.19,312.9,79.41,12.69,8.15,-61.5
AZ,SC,2/24/2017 4:15,7.07,11.71,9.35,93.7,0.19,313.2,67.69,12.58,8.14,-61.1
AZ,SC,2/24/2017 4:30,6.92,11.76,9.36,93.7,0.19,313.1,67.31,12.49,8.14,-60.8
AZ,SC,2/24/2017 4:45,7.01,11.79,9.38,93.6,0.19,313.3,69.65,12.39,8.13,-60.6
AZ,SC,2/24/2017 5:00,7.06,11.81,9.41,93.7,0.19,313.6,67.39,12.28,8.13,-60.4
AZ,SC,2/24/2017 5:15,6.99,11.87,9.43,93.7,0.19,313.4,67.12,12.15,8.13,-60.2
AZ,SC,2/24/2017 5:30,7.01,11.87,9.45,93.6,0.19,313.7,66.38,12.05,8.12,-59.9
AZ,SC,2/24/2017 5:45,7.01,11.85,9.48,93.7,0.19,313.6,68.36,11.94,8.12,-59.8
AZ,SC,2/24/2017 6:00,6.97,11.85,9.5,93.7,0.2,313.9,67.26,11.83,8.12,-59.7
AZ,SC,2/24/2017 6:15,6.99,11.85,9.54,93.8,0.2,314.1,69.32,11.72,8.12,-59.6
AZ,SC,2/24/2017 6:30,6.96,11.89,9.56,93.7,0.2,314.1,69.86,11.59,8.12,-59.5
AZ,SC,2/24/2017 6:45,7.04,11.9,9.59,93.8,0.2,314.4,67.19,11.48,8.12,-59.5
AZ,SC,2/24/2017 7:00,6.92,11.79,9.63,93.9,0.2,314.6,67.21,11.36,8.11,-59.4
AZ,SC,2/24/2017 7:15,6.97,11.85,9.65,93.8,0.2,314.6,69.64,11.23,8.11,-59.3
AZ,SC,2/24/2017 7:30,6.96,11.87,9.68,93.9,0.2,314.7,66.61,11.11,8.11,-59.2
AZ,SC,2/24/2017 7:45,6.94,11.89,9.72,93.9,0.2,314.8,67.52,10.99,8.11,-59.2
AZ,SC,2/24/2017 8:00,6.96,11.87,9.74,94,0.2,315.1,66.24,10.87,8.11,-59.1
AZ,SC,2/24/2017 8:15,6.92,11.87,9.77,94,0.2,315.1,69.55,10.77,8.11,-59
AZ,SC,2/24/2017 8:30,6.92,11.85,9.79,94,0.21,315.3,67.58,10.67,8.11,-59.1
AZ,SC,2/24/2017 8:45,6.89,11.87,9.81,94,0.2,315.5,69.38,10.58,8.11,-59
AZ,SC,2/24/2017 9:00,6.97,11.86,9.83,94,0.21,315.6,82.33,10.49,8.11,-59
AZ,SC,2/24/2017 9:15,6.86,11.87,9.87,94.1,0.21,315.7,68.51,10.4,8.11,-59
AZ,SC,2/24/2017 9:30,6.94,11.82,9.88,94,0.21,315.8,69.07,10.31,8.11,-59
AZ,SC,2/24/2017 9:45,6.94,11.78,9.91,94.1,0.21,315.9,71.79,10.23,8.11,-59
AZ,SC,2/24/2017 10:00,6.94,11.77,9.93,94.1,0.21,316,67.22,10.15,8.11,-58.9
AZ,SC,2/24/2017 10:15,6.99,11.76,9.94,94.1,0.21,316.2,68.58,10.07,8.11,-58.9
AZ,SC,2/24/2017 10:30,6.89,11.75,9.97,94.1,0.21,316.2,82.4,9.98,8.11,-58.9
AZ,SC,2/24/2017 10:45,6.91,11.79,9.99,94.1,0.21,316.5,82.61,9.9,8.11,-58.8
AZ,SC,2/24/2017 11:00,6.94,11.71,10.01,94.2,0.21,316.6,68.32,9.83,8.11,-58.9
AZ,SC,2/24/2017 11:15,6.94,11.74,10.03,94.2,0.21,316.9,68.68,9.76,8.11,-58.8
AZ,SC,2/24/2017 11:30,6.91,11.71,10.04,94.1,0.21,316.8,82.21,9.7,8.11,-58.8
AZ,SC,2/24/2017 11:45,6.84,11.67,10.05,94.2,0.21,316.9,68.56,9.64,8.11,-58.9
AZ,SC,2/24/2017 12:00,6.97,11.67,10.08,94.3,0.21,317.1,69.58,9.59,8.11,-58.9
AZ,SC,2/24/2017 12:15,6.82,11.67,10.08,94.2,0.21,317.3,68.9,9.54,8.11,-58.9
AZ,SC,2/24/2017 12:30,6.91,11.61,10.1,94.3,0.21,317.2,68.41,9.49,8.11,-59
AZ,SC,2/24/2017 12:45,6.92,11.6,10.11,94.2,0.21,317.4,69.69,9.42,8.12,-59.1
AZ,SC,2/24/2017 13:00,6.79,11.57,10.13,94.3,0.21,317.4,79.46,9.36,8.12,-59
AZ,SC,2/24/2017 13:15,6.77,11.58,10.14,94.2,0.21,317.6,93.87,9.32,8.12,-59
AZ,SC,2/24/2017 13:30,6.86,11.55,10.15,94.2,0.21,317.5,66.53,9.26,8.12,-59
AZ,SC,2/24/2017 13:45,6.92,11.56,10.16,94.2,0.21,317.8,63.88,9.21,8.11,-58.8
AZ,SC,2/24/2017 14:00,6.89,11.56,10.19,94.3,0.21,317.7,66.82,9.15,8.11,-58.9
AZ,SC,2/24/2017 14:15,6.86,11.59,10.19,94.3,0.21,318,65.82,9.11,8.11,-58.9
AZ,SC,2/24/2017 14:30,6.86,11.62,10.22,94.4,0.21,318.1,66.55,9.06,8.11,-58.8
AZ,SC,2/24/2017 14:45,6.82,11.63,10.23,94.4,0.22,318.2,69.24,9.02,8.11,-58.8
AZ,SC,2/24/2017 15:00,6.82,11.6,10.24,94.4,0.22,318.3,72.46,8.97,8.11,-58.8
AZ,SC,2/24/2017 15:15,6.87,11.61,10.25,94.4,0.22,318.4,69.01,8.93,8.11,-58.8
AZ,SC,2/24/2017 15:30,6.79,11.58,10.27,94.4,0.22,318.4,70.36,8.88,8.11,-58.7
AZ,SC,2/24/2017 15:45,6.86,11.6,10.28,94.5,0.22,318.7,71.61,8.84,8.11,-58.7
AZ,SC,2/24/2017 16:00,6.84,11.6,10.29,94.4,0.22,318.7,67.94,8.8,8.11,-58.7
AZ,SC,2/24/2017 16:15,6.71,11.57,10.3,94.5,0.22,318.7,68.26,8.75,8.11,-58.8
AZ,SC,2/24/2017 16:30,6.79,11.52,10.33,94.7,0.22,318.9,69.51,8.73,8.11,-58.8
AZ,SC,2/24/2017 16:45,6.71,11.54,10.35,94.8,0.22,318.9,69.3,8.7,8.12,-59
AZ,SC,2/24/2017 17:00,6.86,11.49,10.38,95.1,0.22,319,69.29,8.71,8.12,-59
AZ,SC,2/24/2017 17:15,6.76,11.45,10.4,95.4,0.22,319.2,74.97,8.75,8.12,-59.3
AZ,SC,2/24/2017 17:30,6.84,11.38,10.42,95.8,0.23,319.2,81,8.84,8.13,-59.7
AZ,SC,2/24/2017 17:45,6.81,11.31,10.43,96.2,0.23,319.1,68.55,9,8.14,-60.3
AZ,SC,2/24/2017 18:00,6.82,11.23,10.42,96.6,0.23,319.4,66.71,9.21,8.15,-61.1
AZ,SC,2/24/2017 18:15,6.66,11.1,10.41,97.2,0.23,319.3,70.62,9.48,8.17,-62.1
AZ,SC,2/24/2017 18:30,6.82,10.94,10.39,97.7,0.24,319.3,67.19,9.78,8.19,-63.1
AZ,SC,2/24/2017 18:45,6.84,10.82,10.35,98.1,0.24,319.4,68.31,10.12,8.2,-64
AZ,SC,2/24/2017 19:00,6.72,10.66,10.3,98.4,0.25,319.5,66.29,10.48,8.22,-64.7
AZ,SC,2/24/2017 19:15,6.82,10.54,10.24,98.7,0.25,319.6,71.58,10.84,8.23,-65.4
AZ,SC,2/24/2017 19:30,6.92,10.41,10.2,99.2,0.26,319.9,67.5,11.22,8.24,-66.4
AZ,SC,2/24/2017 19:45,6.84,10.28,10.14,99.5,0.26,319.9,66.81,11.61,8.25,-67
AZ,SC,2/24/2017 20:00,6.89,10.17,10.07,99.7,0.26,320.2,70.4,12.01,8.26,-67.5
AZ,SC,2/24/2017 20:15,6.86,10.01,10.01,100,0.26,320.4,64.28,12.41,8.27,-68
AZ,SC,2/24/2017 20:30,6.92,9.9,9.94,100.2,0.26,320.8,64.45,12.82,8.28,-68.6
AZ,SC,2/24/2017 20:45,6.89,9.74,9.87,100.4,0.26,321,62.11,13.22,8.28,-69
AZ,SC,2/24/2017 21:00,6.89,9.64,9.81,100.6,0.26,321.3,61.71,13.58,8.29,-69.4
AZ,SC,2/24/2017 21:15,6.84,9.59,9.74,100.7,0.26,321.6,64.18,13.95,8.29,-69.8
AZ,SC,2/24/2017 21:30,6.96,9.5,9.68,100.8,0.26,321.7,62.15,14.27,8.3,-70.3
AZ,SC,2/24/2017 21:45,6.97,9.39,9.61,100.7,0.25,322,65.91,14.61,8.3,-70.6
AZ,SC,2/24/2017 22:00,7.01,9.3,9.56,100.9,0.25,322.2,63.83,14.9,8.31,-71
AZ,SC,2/24/2017 22:15,6.99,9.24,9.5,100.9,0.25,322.5,62.07,15.17,8.31,-71.3
AZ,SC,2/24/2017 22:30,7.02,9.09,9.44,100.8,0.24,322.6,62.23,15.43,8.32,-71.4
AZ,SC,2/24/2017 22:45,6.99,9.11,9.4,100.8,0.24,322.9,58.11,15.64,8.32,-71.6
AZ,SC,2/24/2017 23:00,7.01,9.06,9.35,100.8,0.25,323,59.57,15.85,8.32,-71.9
AZ,SC,2/24/2017 23:15,6.99,9.02,9.31,100.7,0.24,323.3,61.89,16,8.32,-72.1
AZ,SC,2/24/2017 23:30,7.06,8.97,9.28,100.6,0.24,323.5,93.45,16.14,8.32,-72.1
AZ,SC,2/24/2017 23:45,7.01,9.01,9.25,100.3,0.24,323.7,61.4,16.16,8.32,-71.9
AZ,SC,2/25/2017 0:00,6.99,9.04,9.23,100.1,0.24,324,59.63,16.19,8.32,-71.9
AZ,SC,2/25/2017 0:15,6.99,9.51,9.22,100,0.24,324.1,65.02,16.18,8.32,-71.7
AZ,SC,2/25/2017 0:30,7.02,9.53,9.21,99.8,0.24,324.4,60.46,16.14,8.31,-71.5
AZ,SC,2/25/2017 0:45,6.99,9.53,9.21,99.6,0.24,324.4,11.58,16.04,8.31,-71.4
AZ,SC,2/25/2017 1:00,7.04,9.54,9.21,99.2,0.23,324.5,105.8,15.85,8.3,-70.7
AZ,SC,2/25/2017 1:15,7.09,9.68,9.22,98.8,0.23,324.5,59.23,15.59,8.29,-70.1
AZ,SC,2/25/2017 1:30,6.99,9.7,9.24,98.4,0.24,324.8,56.37,15.32,8.28,-69.4
AZ,SC,2/25/2017 1:45,7.02,9.77,9.26,97.9,0.23,324.8,67.73,14.99,8.27,-68.9
AZ,SC,2/25/2017 2:00,7.06,9.78,9.27,97.3,0.23,324.8,62.44,14.66,8.26,-68.4
AZ,SC,2/25/2017 2:15,7.04,9.84,9.27,96.8,0.23,325,59.36,14.37,8.25,-67.6
AZ,SC,2/25/2017 2:30,7.06,9.91,9.3,96.3,0.23,325.1,60.66,14.02,8.24,-67
AZ,SC,2/25/2017 2:45,6.96,9.95,9.31,95.6,0.23,325,70.25,13.64,8.22,-65.7
AZ,SC,2/25/2017 3:00,6.96,10.03,9.32,95.1,0.23,325.3,60.14,13.34,8.21,-65
AZ,SC,2/25/2017 3:15,6.97,10.05,9.36,95,0.23,325.4,70.87,13.1,8.2,-64.2
AZ,SC,2/25/2017 3:30,7.01,10.1,9.37,94.7,0.23,325.6,131.4,12.9,8.18,-63.5
AZ,SC,2/25/2017 3:45,6.89,10.17,9.39,94.4,0.23,325.6,59.82,12.72,8.17,-62.8
AZ,SC,2/25/2017 4:00,7.01,10.2,9.41,94.2,0.23,325.7,60.44,12.53,8.16,-62.2
AZ,SC,2/25/2017 4:15,7.06,10.19,9.43,94.1,0.23,325.8,69.01,12.34,8.15,-61.6
AZ,SC,2/25/2017 4:30,6.91,10.24,9.47,94.1,0.23,325.8,63.58,12.17,8.14,-61.2
AZ,SC,2/25/2017 4:45,6.97,10.27,9.49,94,0.23,326,64.66,12.02,8.14,-60.7
AZ,SC,2/25/2017 5:00,6.96,10.29,9.53,94,0.24,326,58.27,11.87,8.13,-60.5
AZ,SC,2/25/2017 5:15,6.94,10.37,9.55,94,0.24,326,70.28,11.74,8.13,-60.3
AZ,SC,2/25/2017 5:30,6.92,10.34,9.58,94,0.24,326.1,60.37,11.61,8.13,-60.1
AZ,SC,2/25/2017 5:45,6.99,10.32,9.61,94,0.24,326.2,63.46,11.48,8.13,-60
AZ,SC,2/25/2017 6:00,6.94,10.26,9.65,94.1,0.24,326.1,91.49,11.35,8.13,-59.9
AZ,SC,2/25/2017 6:15,6.89,10.32,9.68,94.1,0.24,326.2,67.25,11.23,8.12,-59.8
AZ,SC,2/25/2017 6:30,6.96,10.36,9.71,94.1,0.24,326.3,65.54,11.1,8.12,-59.8
AZ,SC,2/25/2017 6:45,6.94,10.42,9.74,94.2,0.24,326.2,62.09,10.98,8.12,-59.7
AZ,SC,2/25/2017 7:00,6.79,10.44,9.77,94.2,0.24,326.4,73.43,10.86,8.12,-59.6
AZ,SC,2/25/2017 7:15,6.94,10.52,9.8,94.2,0.24,326.4,66.1,10.75,8.12,-59.4
AZ,SC,2/25/2017 7:30,6.96,10.55,9.82,94.2,0.24,326.6,140.7,10.63,8.12,-59.4
AZ,SC,2/25/2017 7:45,6.87,10.53,9.86,94.3,0.24,326.5,161.1,10.52,8.12,-59.4
AZ,SC,2/25/2017 8:00,6.92,10.55,9.89,94.3,0.24,326.7,68.94,10.42,8.12,-59.2
AZ,SC,2/25/2017 8:15,6.91,10.56,9.91,94.3,0.24,326.7,118.8,10.32,8.12,-59.3
AZ,SC,2/25/2017 8:30,6.91,10.57,9.94,94.4,0.24,326.8,268.1,10.21,8.12,-59.2
AZ,SC,2/25/2017 8:45,6.81,10.51,9.96,94.4,0.24,326.9,94.25,10.11,8.12,-59.2
AZ,SC,2/25/2017 9:00,6.81,10.56,9.98,94.3,0.24,327,93.64,10.02,8.12,-59.1
AZ,SC,2/25/2017 9:15,6.91,10.58,10.01,94.4,0.24,327.2,151.3,9.92,8.11,-59
AZ,SC,2/25/2017 9:30,6.86,10.53,10.03,94.4,0.23,327.4,152.4,9.83,8.11,-59
AZ,SC,2/25/2017 9:45,6.92,10.55,10.05,94.4,0.23,327.4,73.79,9.75,8.11,-59
AZ,SC,2/25/2017 10:00,6.87,10.58,10.08,94.4,0.23,327.6,390.7,9.67,8.12,-59
AZ,SC,2/25/2017 10:15,6.69,10.51,10.1,94.4,0.23,327.7,429,9.59,8.11,-58.9
AZ,SC,2/25/2017 10:30,6.87,10.53,10.11,94.4,0.23,327.8,92.33,9.51,8.12,-59
AZ,SC,2/25/2017 10:45,6.86,10.54,10.12,94.4,0.23,327.8,119.7,9.44,8.11,-58.9
AZ,SC,2/25/2017 11:00,6.82,10.5,10.13,94.3,0.23,328,341.4,9.39,8.11,-58.9
AZ,SC,2/25/2017 11:15,6.79,10.52,10.16,94.5,0.23,328.1,87.65,9.32,8.11,-58.9
AZ,SC,2/25/2017 11:30,6.86,10.45,10.18,94.5,0.23,328.2,77.81,9.26,8.11,-58.9
AZ,SC,2/25/2017 11:45,6.82,10.49,10.19,94.4,0.23,328.4,102.8,9.2,8.11,-58.9
AZ,SC,2/25/2017 12:00,6.76,10.47,10.21,94.5,0.22,328.4,111.6,9.14,8.12,-58.9
AZ,SC,2/25/2017 12:15,6.86,10.44,10.22,94.5,0.22,328.5,77.14,9.08,8.11,-58.8
AZ,SC,2/25/2017 12:30,6.71,10.42,10.24,94.5,0.22,328.6,184.1,9.02,8.11,-58.8
AZ,SC,2/25/2017 12:45,6.76,10.47,10.26,94.5,0.22,328.6,286,8.96,8.11,-58.8
AZ,SC,2/25/2017 13:00,6.89,10.43,10.27,94.5,0.22,328.8,74.16,8.91,8.11,-58.8
AZ,SC,2/25/2017 13:15,6.87,10.42,10.27,94.5,0.22,329,68.04,8.86,8.12,-58.9
AZ,SC,2/25/2017 13:30,6.81,10.4,10.29,94.5,0.22,328.9,270.6,8.82,8.12,-58.9
AZ,SC,2/25/2017 13:45,6.82,10.41,10.31,94.5,0.22,328.9,153.8,8.77,8.12,-58.9
AZ,SC,2/25/2017 14:00,6.76,10.37,10.31,94.5,0.22,329,138.9,8.73,8.12,-58.8
AZ,SC,2/25/2017 14:15,6.79,10.38,10.33,94.6,0.22,329,117.5,8.68,8.11,-58.8
AZ,SC,2/25/2017 14:30,6.62,10.32,10.34,94.6,0.22,329.2,177.3,8.64,8.11,-58.8
AZ,SC,2/25/2017 14:45,6.87,10.28,10.35,94.6,0.22,329.2,89.21,8.59,8.12,-58.8
AZ,SC,2/25/2017 15:00,6.81,10.33,10.36,94.5,0.22,329.3,278.7,8.55,8.12,-58.8
AZ,SC,2/25/2017 15:15,6.81,10.31,10.38,94.6,0.22,329.3,502.3,8.5,8.12,-58.8
AZ,SC,2/25/2017 15:30,6.79,10.32,10.4,94.6,0.22,329.4,131.5,8.45,8.12,-58.8
AZ,SC,2/25/2017 15:45,6.74,10.27,10.4,94.6,0.22,329.5,266.6,8.41,8.11,-58.7
AZ,SC,2/25/2017 16:00,6.72,10.29,10.42,94.7,0.22,329.6,388.9,8.37,8.11,-58.7
AZ,SC,2/25/2017 16:15,6.69,10.25,10.43,94.6,0.22,329.7,284.7,8.33,8.12,-58.7
AZ,SC,2/25/2017 16:30,6.82,10.23,10.43,94.6,0.22,329.6,160.4,8.3,8.12,-58.9
AZ,SC,2/25/2017 16:45,6.71,10.22,10.47,95,0.22,329.7,345.3,8.28,8.12,-59
AZ,SC,2/25/2017 17:00,6.71,10.17,10.51,95.3,0.22,329.7,469.3,8.29,8.12,-59.2
AZ,SC,2/25/2017 17:15,6.81,10.14,10.54,95.7,0.22,329.9,143.4,8.33,8.13,-59.6
AZ,SC,2/25/2017 17:30,6.76,10.08,10.58,96.2,0.22,329.7,432.5,8.42,8.14,-60
AZ,SC,2/25/2017 17:45,6.66,9.97,10.59,96.7,0.22,329.8,554.9,8.58,8.15,-60.7
AZ,SC,2/25/2017 18:00,6.76,9.95,10.59,97.2,0.22,329.8,322,8.8,8.17,-61.6
AZ,SC,2/25/2017 18:15,6.74,9.75,10.57,97.8,0.22,329.7,296.7,9.09,8.18,-62.5
AZ,SC,2/25/2017 18:30,6.77,9.64,10.55,98.3,0.23,329.6,255.1,9.42,8.2,-63.7
AZ,SC,2/25/2017 18:45,6.72,9.54,10.52,98.9,0.23,329.8,329.9,9.8,8.22,-64.7
AZ,SC,2/25/2017 19:00,6.82,9.41,10.46,99.3,0.23,329.7,104.4,10.21,8.24,-65.8
AZ,SC,2/25/2017 19:15,6.76,9.27,10.39,99.7,0.23,329.9,353.8,10.63,8.25,-66.7
AZ,SC,2/25/2017 19:30,6.82,9.19,10.34,100.2,0.23,329.9,530.5,11.07,8.26,-67.4
AZ,SC,2/25/2017 19:45,6.76,9.03,10.27,100.5,0.24,330.1,123.9,11.52,8.27,-68.1
AZ,SC,2/25/2017 20:00,6.82,8.96,10.2,100.9,0.23,330.2,306.2,11.97,8.29,-68.9
AZ,SC,2/25/2017 20:15,6.84,8.83,10.13,101.2,0.24,330.3,438.3,12.4,8.29,-69.5
AZ,SC,2/25/2017 20:30,6.86,8.77,10.04,101.3,0.24,330.5,279.3,12.83,8.31,-70.2
AZ,SC,2/25/2017 20:45,6.89,8.66,9.98,101.6,0.24,330.8,126.9,13.25,8.31,-70.7
AZ,SC,2/25/2017 21:00,6.82,8.6,9.92,101.8,0.24,330.9,144.2,13.65,8.32,-71.2
AZ,SC,2/25/2017 21:15,6.84,8.52,9.85,102.1,0.23,331.1,310.6,14.06,8.33,-71.7
AZ,SC,2/25/2017 21:30,6.89,8.42,9.76,102.1,0.23,331.3,78.71,14.47,8.33,-72.2
AZ,SC,2/25/2017 21:45,6.91,8.45,9.7,102.2,0.23,331.6,133.2,14.83,8.34,-72.6
AZ,SC,2/25/2017 22:00,6.92,8.26,9.64,102.3,0.22,331.8,262.5,15.16,8.35,-73
AZ,SC,2/25/2017 22:15,6.92,8.21,9.59,102.4,0.22,331.8,123.3,15.46,8.35,-73.5
AZ,SC,2/25/2017 22:30,6.94,8.18,9.52,102.3,0.22,332.1,148.4,15.73,8.36,-73.7
AZ,SC,2/25/2017 22:45,6.91,8.16,9.47,102.2,0.21,332.2,177.2,15.95,8.36,-74
AZ,SC,2/25/2017 23:00,6.89,8.15,9.42,102.1,0.21,332.4,285.1,16.14,8.37,-74.4
AZ,SC,2/25/2017 23:15,6.82,8.09,9.39,102,0.21,332.6,10.08,16.28,8.37,-74.5
AZ,SC,2/25/2017 23:30,6.91,8.03,9.34,101.8,0.21,332.8,576.1,16.39,8.37,-74.7
AZ,SC,2/25/2017 23:45,6.92,8.08,9.31,101.7,0.2,333.1,101.7,16.48,8.37,-74.6
AZ,SC,2/26/2017 0:00,7.06,8.01,9.29,101.5,0.2,333.2,89.41,16.52,8.37,-74.6
AZ,SC,2/26/2017 0:15,6.92,7.98,9.27,101.3,0.2,333.3,9.9,16.51,8.37,-74.8
AZ,SC,2/26/2017 0:30,7.09,7.99,9.26,101.2,0.19,333.2,122,16.48,8.37,-74.6
AZ,SC,2/26/2017 0:45,7.04,8,9.24,100.8,0.19,333.4,148.2,16.41,8.36,-74.1
AZ,SC,2/26/2017 1:00,6.99,8.02,9.25,100.4,0.19,333.6,337.2,16.21,8.35,-73.7
AZ,SC,2/26/2017 1:15,7.02,8.11,9.25,99.9,0.19,333.5,86.59,15.95,8.34,-72.9
AZ,SC,2/26/2017 1:30,6.96,8.18,9.26,99.3,0.19,333.5,9.62,15.63,8.33,-72.2
AZ,SC,2/26/2017 1:45,6.94,8.19,9.27,98.7,0.19,333.6,67.36,15.29,8.32,-71.4
AZ,SC,2/26/2017 2:00,7.02,8.27,9.28,98.1,0.18,333.7,9.86,14.95,8.3,-70.7
AZ,SC,2/26/2017 2:15,7.02,8.4,9.28,97.4,0.18,333.7,338.6,14.62,8.3,-70.1
AZ,SC,2/26/2017 2:30,7.01,8.47,9.28,96.7,0.18,333.9,72.63,14.29,8.28,-69.2
AZ,SC,2/26/2017 2:45,6.96,8.53,9.28,95.9,0.18,334.2,157.3,13.94,8.26,-68
AZ,SC,2/26/2017 3:00,6.96,8.57,9.29,95.4,0.18,334.1,406,13.67,8.24,-66.9
AZ,SC,2/26/2017 3:15,6.91,8.64,9.3,95,0.18,334.3,94.23,13.44,8.23,-66
AZ,SC,2/26/2017 3:30,6.96,8.7,9.29,94.6,0.18,334.5,117.8,13.26,8.21,-65.1
AZ,SC,2/26/2017 3:45,6.99,8.73,9.3,94.3,0.18,334.2,168.3,13.08,8.2,-64.2
AZ,SC,2/26/2017 4:00,6.91,8.75,9.29,93.8,0.17,332.4,77.81,12.88,8.18,-63.2
AZ,SC,2/26/2017 4:15,6.96,8.79,9.3,93.5,0.18,326.6,69,12.73,8.17,-62.5
AZ,SC,2/26/2017 4:30,7.01,8.77,9.32,93.4,0.18,328.8,89.44,12.58,8.15,-61.8
AZ,SC,2/26/2017 4:45,6.92,8.88,9.34,93.4,0.18,333.1,158.3,12.45,8.15,-61.3
AZ,SC,2/26/2017 5:00,6.86,8.87,9.35,93.3,0.17,335.2,106.3,12.34,8.14,-60.9
AZ,SC,2/26/2017 5:15,6.92,8.87,9.37,93.3,0.17,335.4,94.84,12.23,8.13,-60.6
AZ,SC,2/26/2017 5:30,6.79,8.88,9.39,93.3,0.18,335.1,237.3,12.13,8.13,-60.3
AZ,SC,2/26/2017 5:45,6.91,8.88,9.42,93.3,0.18,335.1,76.46,12.05,8.13,-60.2
AZ,SC,2/26/2017 6:00,6.79,8.93,9.43,93.3,0.18,335.2,75.95,11.99,8.12,-60
AZ,SC,2/26/2017 6:15,6.92,8.93,9.45,93.4,0.18,335.1,69.31,11.92,8.12,-59.9
AZ,SC,2/26/2017 6:30,6.87,8.94,9.46,93.3,0.18,335,102.3,11.85,8.12,-59.8
AZ,SC,2/26/2017 6:45,6.92,9,9.48,93.4,0.18,335.1,77.29,11.79,8.12,-59.7
AZ,SC,2/26/2017 7:00,6.92,9.02,9.49,93.3,0.18,335.1,188.7,11.72,8.12,-59.6
AZ,SC,2/26/2017 7:15,6.76,8.96,9.52,93.4,0.18,335.2,178.6,11.64,8.12,-59.6
AZ,SC,2/26/2017 7:30,6.94,8.92,9.54,93.5,0.18,335.3,74.33,11.58,8.12,-59.4
AZ,SC,2/26/2017 7:45,6.86,8.95,9.54,93.4,0.18,335.2,76.39,11.52,8.11,-59.4
AZ,SC,2/26/2017 8:00,6.82,8.95,9.56,93.4,0.17,335.4,121.8,11.46,8.11,-59.3
AZ,SC,2/26/2017 8:15,6.91,8.96,9.57,93.4,0.17,335.4,78.08,11.38,8.11,-59.1
AZ,SC,2/26/2017 8:30,6.82,8.97,9.59,93.4,0.17,335.6,86.07,11.31,8.11,-59
AZ,SC,2/26/2017 8:45,6.91,9.01,9.61,93.5,0.17,335.6,110.3,11.24,8.11,-59
AZ,SC,2/26/2017 9:00,6.79,8.97,9.62,93.4,0.17,335.7,133.8,11.19,8.11,-58.9
AZ,SC,2/26/2017 9:15,6.89,9.01,9.63,93.5,0.17,335.9,84.87,11.14,8.11,-59
AZ,SC,2/26/2017 9:30,6.72,9.03,9.65,93.5,0.17,335.9,214.5,11.1,8.11,-59
AZ,SC,2/26/2017 9:45,6.86,9.04,9.66,93.5,0.17,335.9,264.2,11.06,8.11,-58.9
AZ,SC,2/26/2017 10:00,6.86,9.04,9.67,93.5,0.17,336.1,78.26,11.02,8.11,-58.9
AZ,SC,2/26/2017 10:15,6.82,9.03,9.67,93.5,0.17,336.1,95.38,10.97,8.11,-58.9
AZ,SC,2/26/2017 10:30,6.87,8.99,9.68,93.5,0.17,336.4,260.8,10.92,8.1,-58.7
AZ,SC,2/26/2017 10:45,6.84,9.02,9.7,93.5,0.16,336.3,123.2,10.88,8.11,-58.8
AZ,SC,2/26/2017 11:00,6.86,9.25,9.7,93.5,0.17,336.4,156.3,10.85,8.1,-58.7
AZ,SC,2/26/2017 11:15,6.87,9,9.7,93.4,0.16,336.5,137.3,10.83,8.1,-58.7
AZ,SC,2/26/2017 11:30,6.82,8.98,9.71,93.4,0.16,336.6,112.5,10.8,8.1,-58.6
AZ,SC,2/26/2017 11:45,6.94,9.02,9.71,93.4,0.16,336.7,84.4,10.76,8.1,-58.6
AZ,SC,2/26/2017 12:00,6.82,8.92,9.72,93.4,0.15,336.8,256.7,10.71,8.1,-58.5
AZ,SC,2/26/2017 12:15,6.82,8.97,9.73,93.4,0.15,336.9,203.6,10.68,8.1,-58.5
AZ,SC,2/26/2017 12:30,6.84,9.04,9.73,93.4,0.15,336.9,112.7,10.66,8.1,-58.4
AZ,SC,2/26/2017 12:45,6.84,9.03,9.73,93.3,0.15,336.9,173.3,10.64,8.1,-58.4
AZ,SC,2/26/2017 13:00,6.82,8.96,9.73,93.4,0.15,336.9,281.8,10.64,8.1,-58.5
AZ,SC,2/26/2017 13:15,6.77,8.95,9.74,93.4,0.15,337.2,139.6,10.64,8.1,-58.7
AZ,SC,2/26/2017 13:30,6.87,8.98,9.74,93.4,0.15,337.2,110.5,10.63,8.11,-58.7
AZ,SC,2/26/2017 13:45,6.79,8.94,9.74,93.4,0.15,337.1,146.2,10.63,8.11,-58.7
AZ,SC,2/26/2017 14:00,6.72,8.97,9.75,93.4,0.15,337.2,218.2,10.61,8.11,-58.8
AZ,SC,2/26/2017 14:15,6.81,8.98,9.75,93.4,0.15,337.3,97.35,10.59,8.11,-58.8
AZ,SC,2/26/2017 14:30,6.71,8.91,9.76,93.4,0.15,337.4,389.4,10.58,8.11,-58.8
AZ,SC,2/26/2017 14:45,6.82,8.95,9.76,93.4,0.15,337.4,499,10.56,8.11,-58.8
AZ,SC,2/26/2017 15:00,6.77,8.87,9.76,93.4,0.15,337.6,90.65,10.55,8.11,-58.7
AZ,SC,2/26/2017 15:15,6.72,8.94,9.76,93.4,0.14,337.6,131.1,10.54,8.1,-58.6
AZ,SC,2/26/2017 15:30,6.76,8.89,9.76,93.3,0.15,337.6,359.7,10.51,8.1,-58.6
AZ,SC,2/26/2017 15:45,6.67,8.82,9.77,93.4,0.15,337.6,223.3,10.49,8.1,-58.5
AZ,SC,2/26/2017 16:00,6.84,8.84,9.77,93.4,0.15,337.6,147.1,10.48,8.1,-58.5
AZ,SC,2/26/2017 16:15,6.81,8.86,9.78,93.4,0.15,337.6,182.7,10.47,8.1,-58.6
AZ,SC,2/26/2017 16:30,6.72,8.83,9.79,93.5,0.15,337.7,203,10.47,8.1,-58.5
AZ,SC,2/26/2017 16:45,6.89,8.84,9.81,93.7,0.15,337.7,92.57,10.47,8.11,-58.7
AZ,SC,2/26/2017 17:00,6.81,8.77,9.84,94.1,0.15,337.7,287.4,10.5,8.11,-59
AZ,SC,2/26/2017 17:15,6.81,8.76,9.9,94.8,0.15,337.7,508.2,10.56,8.12,-59.8
AZ,SC,2/26/2017 17:30,6.86,8.73,9.97,95.7,0.15,337.6,117.9,10.65,8.14,-60.6
AZ,SC,2/26/2017 17:45,6.74,8.64,10.05,96.7,0.15,337.6,179.4,10.81,8.17,-62
AZ,SC,2/26/2017 18:00,6.77,8.54,10.08,97.2,0.15,337.4,423.1,10.91,8.18,-63.1
AZ,SC,2/26/2017 18:15,6.79,8.55,10.09,97.6,0.15,337.4,110.8,11,8.2,-64
AZ,SC,2/26/2017 18:30,6.77,8.43,10.14,98.5,0.16,337.2,91.25,11.17,8.22,-65.3
AZ,SC,2/26/2017 18:45,6.81,8.4,10.16,99.1,0.16,337,156.9,11.4,8.25,-66.8
AZ,SC,2/26/2017 19:00,6.76,8.3,10.16,99.8,0.16,336.9,171.9,11.64,8.27,-68.1
AZ,SC,2/26/2017 19:15,6.84,8.26,10.15,100.3,0.16,336.9,68.34,11.91,8.29,-69.3
AZ,SC,2/26/2017 19:30,6.81,8.12,10.13,100.8,0.16,336.9,264.3,12.24,8.31,-70.6
AZ,SC,2/26/2017 19:45,6.79,8,10.12,101.3,0.16,336.8,362.1,12.49,8.33,-71.5
AZ,SC,2/26/2017 20:00,6.79,8.02,10.09,101.5,0.16,336.8,77.83,12.71,8.34,-72.1
AZ,SC,2/26/2017 20:15,6.79,7.97,10.06,101.6,0.17,336.7,79.62,12.89,8.35,-72.8
AZ,SC,2/26/2017 20:30,6.74,7.83,10.04,102.1,0.16,336.8,106.5,13.19,8.37,-73.8
